Gene names,2015 Dill Avidin Late
Septin-2,0.827043307
Septin-7,0.729000014
Septin-8,0.799073308
Septin-9,0.765126679
Septin-11,0.609370011
15 kDa selenoprotein,0.329003334
0610031J06Rik,1.483633327
1700112E06Rik,1.076216661
2310022A10Rik,0.866963329
2410018M08Rik;Chchd2,0.19011001
2810422J05Rik;Uba52;Ubc;Ubb,0.580316653
4632428N05Rik,0.620686687
4732456N10Rik,6.524333365
5031439G07Rik,0.749146674
9030624J02Rik,0.707549979
Aak1,0.639586631
Abca3,1.21530005
Abcb11,0.681233327
Abcb1b,0.775619976
Abcb6,1.363733309
Abcc1,0.640573335
Abcc3,0.628700014
Abcd1,0.700039978
Abcd3,0.541453327
Abcd4,1.173980004
Abcf2,0.514419985
Abhd12,1.091966647
Abi1,0.863586652
Abr,0.352586687
Acaa1a;Acaa1b,0.878463359
Acaa2,1.00430336
Acadl,0.88733665
Acadm,0.810693336
Acads,0.719123337
Acadvl,0.484766665
Acap2,0.548693341
Acat1,0.894266665
Acbd3,0
Aco2,0.935706678
Acot13,0.286366651
Acox3,0.693916654
Acp2,1.466400009
Acp5,0.646650015
Acsl1,0
Acsl4,0.837520004
Acsl5,1.137233287
Actc1;Acta1;Acta2;Actg2,0.811683314
Actn1,0.656546678
Actn4,1.066853353
Actr1a;Actr1b,0.645666677
Actr2,0.931813335
Actr3,0.911426653
Adam10,0.917263343
Adam17,1.243856675
Adam8,0.702379982
Adam9,0.623693316
Adcy7,0.417006664
Aga,0.744276663
Agfg1,0.980690024
Agfg2,0.728790031
Agps,0.722496675
Agtrap,1.282300019
Ahnak,0.916796656
Ahnak2,1.529803274
Ahnak2F7CVJ5,1.255733337
Ahnak2E9PYB0,1.402726681
Ahsa1,1.037063338
AI607873,1.18551334
Aif1,0
Aifm1,1.331936859
Aifm2,0.766826648
Akap10,1.006153356
Akr1a1,0.279610007
Akr1b1;Akr1b3,0.588243349
Alcam,0.679703325
Aldh2,0.808730029
Aldh3a2,1.154073313
Aldh3b1,0.749636671
Aldh9a1,0.584390009
Aldoa;Aldoart1,1.028746686
Alg2,1.02740003
Alg5,1.030733306
Alox5,0.738970015
Alox5ap,0.986073315
Alyref;Alyref2;Refbp2,0.366600002
Ankfy1,0.978296664
Ankh,0.611849983
Anln,0.576166665
Ano6,0.134109979
Anp32b,0.405466661
Anpep,0.561936626
Antxr2,0.227680004
Anxa1,0.89059
Anxa11,1.332533369
Anxa2,0.950433331
Anxa3,1.414923348
Anxa4,1.2624367
Anxa5,5.006399782
Anxa6,1.391233306
Anxa6P14824,1.261809851
Anxa7,1.555473418
Aoah,0.877840008
Ap1b1,1.470533388
Ap1g1,1.097663326
Ap1g2,0.538533352
Ap1m1,1.401399941
Ap1s1,1.11274338
Ap1s2,1.414333327
Ap2a1,0.791993328
Ap2a2,0.814023359
Ap2b1,0.986250004
Ap2m1,0.827520007
Ap2s1,0.80551
Ap3b1,1.175529987
Ap3d1,0.842916667
Ap3m1,1.342333327
Ap3s1,1.366183365
Ap3s2,0.923596672
Aph1a,0.483299987
Apmap,1.055479992
Apoa1bp,0.585383328
Apob,0.408976665
Apobr,1.089043337
Apoe,0.544476684
App,0.705740008
Apr3;0610007C21Rik,1.243666648
Araf,1.095693351
Arap1,0.658253354
Arf3;Arf1,1.02789002
Arf5,0.528369997
Arf6,1.161466657
Arfgap1,0.211560002
Arfgap2,1.063626629
Arfgap3,0.476860012
Arfip1,0.976233339
Arfrp1,0.662326674
Arhgap1,0.951699998
Arhgap17,0.932250007
Arhgap22,0.214019996
Arhgap25,0.942166677
Arhgap30,1.368966658
Arhgap4,0.256343336
Arhgap9,0.791099738
Arhgdia,0.768563318
Arhgdib,0.954979987
Arhgef1,1.100653359
Arhgef10l,0.902406674
Arhgef2,0.725213326
Arhgef7,0.345933319
Arl1,0.860859987
Arl4c,1.376633319
Arl6ip5,0.933733351
Arl8a,1.060396654
Arl8b,1.221300031
Armc10,0
Arpc1b,1.033959998
Arpc2,0.896649994
Arpc3,1.316636917
Arpc4,0.881536672
Arpc5,0.886466696
Arpp19,0.944969956
Arrb2,0.813079977
Arsa,0.969923354
Arsb,1.265366661
Arsk,0.895296672
Asah1,1.115300024
Asah2,0.471173415
Asph,1.152776662
Ass1,0.584386669
Atad1,1.069720118
Atl3,0.894746649
Atp11a,1.220066666
Atp11c,1.02000669
Atp13a2,1.319100032
Atp1a1,0.710140009
Atp1a3,0.585460001
Atp1b3,0.710426644
Atp2a2,1.303203317
Atp2a3,0.581400009
Atp2b1,0.747736667
Atp2b3,0.92452
Atp5a1,1.078556666
Atp5b,1.085450016
Atp5c1,1.070439994
Atp5d,0.773523322
Atp5f1,1.020420017
Atp5h;Gm10250,0.915523326
Atp5i;Atp5k,0.610230002
Atp5j,1.140986641
Atp5j2,0.630073359
Atp5l;Atp5l-ps1,0.617243322
Atp5o,1.057196645
Atp6ap1,0.981823351
Atp6ap2,1.371146787
Atp6v0a1,0.97302004
Atp6v0c,1.151533335
Atp6v0d1,1.233733332
Atp6v0d2,1.259050045
Atp6v1a,1.249433318
Atp6v1b2,1.268199988
Atp6v1c1,0.942333342
Atp6v1d,1.120933339
Atp6v1e1,1.509733328
Atp6v1f,0.852199987
Atp6v1g1,1.279599986
Atp6v1h,1.165400011
Atp8a1,1.221800014
Atp9b,0.946096622
Atpif1,1.099819985
Atrn,0.735353342
Atxn2l,0.455779987
Aup1,0
B2m,1.045216692
B4galnt1,0.579953371
B4galt1,0.82137668
Bag3,0.794523339
Bak1,0.505566684
Banf1,0.85831331
Basp1,0.909813338
Bax,0.526986665
BC017647,0.629919984
Bcap31,1.159306682
Bcat2,1.106810007
Bcl7b,0.626113346
Bclaf1,0.358466672
Becn1,1.039016646
Bin1,0.25649667
Bin2,0.865743344
Birc6,1.387709936
Blmh,0.747273319
Blnk,1.010373328
Bloc1s1,1.263699969
Blvrb,0.785249995
Bmp2k,0.238539998
Bola1,0
Bphl,0.715533331
Bri3,1.338333302
Bst1,0
Bst2,0.890959983
Btd,0.556420014
Btf3,1.41583332
C1qa,0
C1qb,1.136760034
C1qbp,0.673900013
C1qc,1.160203328
C3,0.44333335
C3ar1,0.956283339
C5ar1,0.595450008
Cab39,0.48773334
Cacybp,0.218939991
Cadm1,0.531693305
Calm1;Calml3,0.287843387
Calr,0.872339997
Calu,0.62717663
Camk2d,0.987659982
Canx,0.955683296
Cap1,1.236033361
Capg,0.960736666
Capn1,0.909473307
Capn2,1.144286708
Capn5,0.308063337
Capns1,0.911123328
Caprin1,1.000026664
Capza1,0.998726657
Capza2,1.059266639
Capzb,1.104939964
Cast,1.077396683
Cat,0.586546695
Cbl,0.70011672
Cbr2,0.736836664
Cbx3,0.817773314
Cc2d1b,1.495800052
Ccdc115,1.008663355
Ccdc12,1.115546665
Ccdc22,1.152599977
Ccdc50,0.516866677
Ccdc53,0.49095667
Ccdc75,1.030413354
Ccdc88b,0
Ccdc93,1.082966687
Cct2,0.969396647
Cct3,0.670903325
Cct4,0.906003339
Cct5,1.263566658
Cct6a,1.086436642
Cct7,0.998256649
Cct8,1.081766674
Ccz1,1.330466661
Cd14,0.77014664
Cd151,0.172059994
Cd180,1.341566639
Cd1d1;Cd1d2,1.146770013
Cd200r1,0.616573343
Cd2ap,1.143499801
Cd300a,0.811033305
Cd300lh;OTTMUSG00000003606,0.651616652
Cd36,0.72327333
Cd44,0.831753352
Cd47,0.660799996
Cd48,0.426586766
Cd5l,0.783203315
Cd63,0.614083372
Cd68,1.038123323
Cd72,0.76666667
Cd74,0.986439988
Cd81,0.623793346
Cd82,0.446839974
Cd84,0.651290005
Cd9,1.373136845
Cd93,0.714290012
Cdc42,0.955763364
Cdc42bpb,0.31790334
Cdc42ep4,0.817633336
Cdca3,1.060666666
Cdipt,0.740566652
Cdk1,0.763186706
Cdk14,0
Cdk18,0.742693308
Cdk2;Cdk3,0.539186652
Cdk5,0.596300003
Cdkn1b,0
Cds2,0.730833316
Cenpe,0.660086652
Cep41;Tsga14,0.833533352
Cep55,0.824866646
Cers2;Lass2,0.946533333
Cfl1,0.883756666
Cfp,0.461943315
Chchd3,0.925703321
Chd4,0
Chd6,0
Chi3l3,0.973406681
Chi3l4,0.575749998
Chmp1a,0.968209988
Chmp2a,0.892213346
Chmp2b,0.683333314
Chmp4b,1.03502334
Chmp5,0.687783324
Chmp6,1.27889998
Cisd1,0.297273342
Cisd2,0.984520001
Ckap4,0.930236647
Ckap5,0.999066643
Ckb,0.898586648
Clcn5,0.602156639
Clcn6,0.245163345
Clcn7,1.278966658
Clec10a;Mgl1;Mgl2,0.906529976
Clec12a,0.691369995
Clec4e,0.359733345
Clic1,1.5479336
Clint1,0.722100017
Cln3,1.248933302
Cln5,0.899926637
Clptm1,1.242299991
Clrn2,0.687890012
Clta,1.114713357
Cltc,1.078766662
Cmtm6,0.18749666
Cndp2,1.325663409
Cnn2,0.944383319
Cnot4,0
Cnp,1.133866623
Cnpy2,0.703446636
Cnpy3,0.354386665
Cnpy4,1.85333299
Col4a4,0.204593342
Col6a3,0.754966664
Colec12,0.356333335
Commd1,1.180830007
Commd10,1.021636685
Commd2,0.984613309
Commd3,1.030309999
Commd4,0.951086672
Commd5,0.956873337
Commd6,1.275066669
Commd7,1.231933321
Commd8,0.838966649
Commd9,1.518233341
Comt,2.023000227
Copb2,0.617236656
Coro1a,0.855536665
Coro1c,0.920576649
Coro2a,0.903963339
Cotl1,0.580226664
Cox4i1,1.021933327
Cox4nb,0.699273368
Cox5a,1.024923308
Cox5b,1.285666644
Cox6a1,1.077643317
Cox6b1,1.178829997
Cox6c,1.188183403
Cox7a2,1.175629955
Cox7c,1.067063359
Cpd,0.600169975
Cpne1,0.949256699
Cpne2,1.893999805
Cpne3,0.558429992
Cpq,1.327399998
Cpt1a,0.300399996
Cr1l,0.539680005
Creg1,1.065433301
Crip1,1.279463303
Cs,0.74216333
Csf1,0.794296651
Csf1r,0.570703271
Csf2ra,0
Csk,0
Csnk1a1,0.417099995
Csnk1g3,0.330403327
Csnk2b,0
Csrp1,0.698959994
Cst3,0.591053372
Cst7,0.974016646
Cstb,0.930309999
Ctbs,1.302666675
Ctdsp1,0.908553354
Ctnnd1,0.905210013
Ctsa,1.161526701
Ctsb,1.097346641
Ctsc,1.301599959
Ctsd,1.288666671
Ctsf,1.578899824
Ctsh,1.385466701
Ctsl1,1.21812
Ctso,0.381066687
Ctss,1.002640002
Ctsz,1.071246668
Cttnbp2nl,0.757029995
Cuedc2,0.331693397
Cux1,2.150933253
Cwc15,0.582356654
Cxcl2,0
Cyb5a;Cyb5,1.200266749
Cyb5b,1.109853322
Cyb5r3,1.15917998
Cyba,1.038203298
Cybb,0.975146675
Cyc1,0.697669973
Cyfip1,1.249683353
Cyp20a1,1.043583329
D10Jhu81e,0.869603332
D10Wsu52e,0.705580001
D17Wsu104e,1.18753333
Dab2,1.188166645
Dad1,1.11349996
Daglb,1.079986661
Dars,0
Dbi,0.419233323
Dbr1,0.473796608
Ddb1,0
Ddost,1.250366636
Ddrgk1,0.687609998
Ddx1,0.216160002
Ddx39b;Ddx39a,1.233413326
Ddx3x;D1Pas1,0.80694336
Ddx3y,0.505479995
Ddx42,0.789876695
Ddx46,0.680089997
Ddx5,0.926183341
Decr1,0
Degs1,1.369633327
Dek,0
Dennd1a,0.716629978
Dhrs1,1.242733307
Dhrs4,0.234596663
Dhrs7,1.136713321
Dhx15,0.37183333
Dhx9,0.458600012
Diap1;Diaph1,0.645900039
Diap2;Diaph2,1.107829967
Dirc2,1.340799954
Dlat,0.774936639
Dld,0.730796677
Dlst,0.829553357
Dmxl1,0.978029985
Dnaja1,0.989376646
Dnaja2,0.285623324
Dnajb11,1.116366673
Dnajb6,0.856559983
Dnajc13,0.610010004
Dnajc3,0.874113344
Dnajc5,1.099983322
Dnajc8,0.546776678
Dnajc9,0.858039981
Dnase1l1,0.658016699
Dnase2;Dnase2a,1.051633307
Dnm2,0.897600001
Dnm3,0.786433283
Dock2,0.693310004
Dock8,0.488853332
Dok1,0.75976676
Dok2,0.991436666
Dok3,2.499066515
Dpep2,0
Dpm1,0.329129993
Dpp7,1.336533312
Dpysl2,0.877963352
Dram1,1.249133292
Dram2,0.760190001
Drg1,0
Dscr3,1.210899986
Dstyk,1.454966734
Dtx3l,0.389833344
Dusp22,0.25507666
Dusp3,0.152473296
Dync1h1,0.966309987
Dync1i2,0
Dync1li1,1.532150046
Dynll2,1.004403331
E030010N08Rik,0.386970006
Ear2;Ear3,1.549940009
Ece1,0.413683317
Echs1,0.958030018
Edil3,0.914729995
Eea1,0.503036678
Eef1a1,0.914220004
Eef1b,0.218206669
Eef1d,0.655993342
Eef1g,1.048306661
Eef2,0.910046638
Efhd2,0.548133338
Ehbp1l1,0
Ehd1,0.97417999
Ehd4,1.142099961
Eif1a;Eif1ax,0.209633327
Eif2s1,0.602816682
Eif2s3x;Eif2s3y,0.712906674
Eif3d,0.653660005
Eif3l,0
Eif4a1;Eif4a2,0.868903348
Eif4e,0.879936658
Eif4e2,0
Eif4enif1,0.458963328
Eif4g1,0.490273341
Eif4g2,0.799173324
Eif4h,0.768113338
Eif5a;Eif5a2,1.006873346
Eif6,1.053999985
Elavl1,1.248536675
Elmo1,0.860363338
Elmo2,0.31228
Elovl1,0.933666657
Emb,0.832389976
Emd,1.604400005
Emp2,0.496023303
Emr1,0.770176674
Endod1,0.762526654
Eno1,0.932173336
Ensa,0.280413323
Entpd1,0.623949991
Eny2,0.825286666
Epb4.1;Epb41,0.71637001
Epb4.1l1;Epb41l1,0.775020004
Epb41l2,0.673936664
Ephx1,0.962573357
Eppk1,0.819500001
Eps15l1,0.698709993
Erap1,0.642609994
Erbb2ip,0.286129994
Ergic1,1.342183377
Erh,1.319429777
Erlin1,1.191266653
Erlin2,1.125813318
Erp29,1.035466642
Erp44,0.959296663
Esd,1.035176684
Esyt1,0.908003337
Esyt2,0.622699987
Etf1,0.679620005
Etfa,0.834006696
Etfb,0.885850006
Etfdh,0
Evi2a,0.634820002
Evi2b,0.68564333
Evl,0.915246679
Ewsr1,0.977916639
Ezr,0.896803357
F13a1,0
Faf2,0.693033336
Fam108b1,1.502733342
FAM120A,0
Fam125a,0.761776696
Fam129a,0.495266656
Fam129b,0.99295333
Fam168a,0.795499996
Fam177a1,0.24814667
Fam195b,0.771836681
Fam21,0.892639973
Fam26f,1.255863345
Fam3c,0.904369987
Fam45a,0.99934664
Fam49b,0.590996665
Fam50a,0.673976703
Fam54b,0.825649998
Far1,0.531396664
Farsa,0
Farsb,0.657776661
Fbln2,0.467566638
Fcer1g,0.846089992
Fcgr1,0.912643332
Fcgr2;Fcgr2b,0.418856708
Fcgr3,0.460913314
Fcgr3P08508,0.660726678
Fcgrt,0.460416674
Fcrls,0.651663371
Fdps,0.736656682
Fen1,0.992619994
Fermt3,0.942026644
Fes,1.16649338
Fh,0.777820026
Fis1,1.025199999
Fkbp15,1.153456668
Fkbp2,1.150499983
Fkbp8,1.242366668
Flcn,0.570786658
Flna,1.049666671
Flnc,0.685436629
Flot1,1.346600031
Flot2,1.291133314
Fmnl1,0.907880002
Fn1,0.813590008
Fnbp1,2.090833248
Folr2,0.819109975
Frmd8,0.535276681
FRRS1,0.794596664
Fth1,0.615950019
Ftl1;Ftl2,0.625416643
Fuca1,0.825643387
Fuca2,1.239183348
Fus;Taf15,0.329466661
Fxyd5,0
Fyb,0.754370008
Fyco1,0
Fyn,0.897336671
G3bp1,0.939813328
G3bp2,0.357829945
G6pdx,1.013556678
Gaa,1.295533367
Gabarap;Gabarapl1,0.466763349
Gabarapl2,0.762303324
Gak,0.505069987
Galc,0.998610019
Galns,0.566030052
Galnt2,0.856089997
Galnt7,0.700873338
Ganab,1.295866701
Gapdh;Gm7293;Gm6316,1.01296001
Gas7,0.51586669
Gba,1.323666647
Gbp5,0.884073331
Gclm,0
Gdap2,1.087399998
Gdi2,0.700543326
Ggh,0.787663358
Ggta1,0.223363336
Gla,0.884683332
Glb1,0.993669997
Glb1l,0.428066666
Glg1,0.634190019
Glipr1,0.897873334
Glipr2,0.754479979
Gls,0.255803321
Glt25d1,0.617836656
Gltp,0.513513346
Glud1,0.912939983
Gm10036;Rpl11;Gm10288;Gm5093;Gm7589,0.924869982
Gm10119;Rps3a;Gm9000,0.841429995
Gm10126;Rps29,0.628033316
Gm10320;Sec61b,1.507300004
Gm13646;Hist1h2bf;Hist1h2bb;Hist1h2bk;Hist1h2bp,1.733100035
Gm14548,0.447420002
Gm16477;Rpl7a;Gm5619;Rpl7a-ps10;Rpl7a-ps5;Rpl7a-ps3;Gm17415;Gm4978;Gm5459,0.563663362
Gm17352;Rps18;Gm5321,0.868023345
Gm20390;Nme2;Nme1,0.854876654
Gm20425;Srprb,1.187066683
Gm20431;Ube2v1;Gm8325;Ube2v2;Gm5830;Gm10088,1.386809909
Gm20489;Il2rg,0.301603338
Gm20498;Synj2bp,0.536763321
Gm2382;Mthfs,0.379033324
Gm2a,1.093099993
Gm5431;OTTMUSG00000005540;9930111J21Rik,0.325626672
Gm5576;Eif4a3,0.582499978
Gm6377,0.218833316
Gm8394;Psma5,0.760869971
Gm9755;Tufm,1.390263491
Gmip,0.221530001
Gmpr2,0.929793341
Gna13,0.69797333
Gnai2;Gnai1,0.98883334
Gnai3,0.786249986
Gnaq,0.932450002
Gnas,1.030176687
Gnb1,1.334733333
Gnb2,1.147396684
Gnb2l1,1.001439977
Gnb4,0.682236679
Gng12,1.122610043
Gng2,0.83145664
Gng5,1.310923321
Gns,1.138566687
Golga1,0.429546663
Golga4,0.703320018
Golga5,0.319346667
Golga7,0.967066668
Golgb1,1.651673447
Gosr1,0.171269991
Got2,0.936616678
Gp49a,0.309296669
Gpatch8,0.439473298
Gpd2,0.922503337
Gpi;Gm1840,1.090526706
Gpld1,0.101543338
Gpnmb,0.987369974
Gpr107,0.647093326
Gpr108,0.533333331
Gpr137b,0.949603346
Gpsm3,0.461099996
Gpx1,1.042363367
Gpx4,0.981323328
Grap2,0
Grb2,0.682453342
Grn,0.879419992
Grpel1,0
Gsdmdc1,0.299563322
Gsn,0.845103316
Gstk1,0.458856664
Gstm1,0.607126661
Gtf2f1,0.573459972
Gtf2f2,1.009406622
Gusb,0.312743313
Gvin1,0.995513336
H1f0,1.150423359
H2-Aa,0.629046656
H2-Ab1,0.690786667
H2-D1,0.262116667
H2-D1;H2-L,0.727203318
H2-DMa,0.220879985
H2-DMb1;H2-DMb2,0.943669988
H2-K1,0.705083323
H2-T23,0.649883325
H2afx,1.332133367
H2afy,1.151696631
H2afz;H2afv,2.416100185
Hadha,1.011639999
Hadhb,0.887713319
Hba;Hba-a1,0.128370045
Hbxip,1.705800112
Hck,1.018616687
Hcls1,0.84427334
Hdac1;Gm10093,0.84952001
Hdhd2;Ier3ip1,0.519209994
Heatr7a,1.369366685
Hexa,0.969449975
Hexb,1.022973323
Hfe,0.566239985
Hgs,0.772920012
Hgsnat,1.311266686
Hint2,0
Hist1h1a,1.174210029
Hist1h1b,1.149443343
Hist1h1c,1.170316668
Hist1h1d,1.098860018
Hist1h1e,1.306049962
Hist1h2af;Hist1h2ab;Hist3h2a;Hist1h2ah,1.335533329
Hist1h3b;Hist1h3a,1.455033345
Hist1h4a,1.460400013
Hist2h2aa1;Hist1h2al;Hist2h2ac,2.426400085
Hist3h2bb;Hist3h2ba,0.980033294
Hk1,0.883060004
Hk2,0.449399991
Hm13;H13,0.950030022
Hmga1,0.262993327
Hmga2,0.964133279
Hmgb1,0.946273354
Hmgb2,0.904606702
Hmgcl,0.486306669
Hmgn2,0.512433322
Hmha1,0.759426675
Hmox1,1.664100154
Hmox2,1.299966644
Hn1l,1.171806688
Hnrnpa0,1.177800023
Hnrnpa1,1.058693339
Hnrnpa2b1,0.943793331
Hnrnpa3;Gm6793;Gm8991,1.018823307
Hnrnpab,0.804533376
Hnrnpc,0.994403325
Hnrnpd,0.924666676
Hnrnpf,1.487709868
Hnrnph1,1.317450001
Hnrnpk;Gm7964,1.313733331
Hnrnpl,1.08226667
Hnrnpm,1.135133354
Hnrnpu,0.813843339
Hp1bp3,2.152083104
Hpcal1;Hpca,0.523803331
Hps1,1.202203337
Hps3,0
Hps4,1.538866633
Hpse,1.087913326
Hras1,0.903819998
Hs2st1,0.470419961
Hsd17b10,0.810956669
Hsd17b11,0.906286651
Hsd17b12,1.24940002
Hsd17b4,0.751030014
Hsdl1,0.220100007
Hsp90aa1,0.76957669
Hsp90ab1,0.947563292
Hsp90b1,0.906063365
Hspa4,1.379573093
Hspa5,1.072666685
Hspa8,0.93603998
Hspa9,0.805906684
Hspd1,0.972763343
Hspe1,0.932403363
Hspg2,0.544723338
Htatip2,1.093053335
Hvcn1,0.603906673
Hyal1,0.77067996
Hyou1,0.989743352
Icam1,0.885076666
Idh1,0.691383304
Idh2,0.95643336
Idh3a,1.003523328
Idh3b,0.543999995
Idh3g,0
Ids,0.880703353
Idua,1.148296622
Ifi204,1.245043321
Ifi205b,1.460710213
Ifi30,1.122626712
Ifit1,1.100076649
Ifitm2,0.432839941
Ifitm3,0.667176647
Ifngr1,0.258330018
Igbp1,0
Igf2r,0.712149977
Igsf6,0.787443353
Igtp,0.975586702
Il16,0.88115331
Ilk,0.149833331
Ilvbl,0.37196668
Inf2,0.661756688
Inpp5d,0.913296665
Iqgap1,0.953756666
Iqgap2,0.278976654
Irf2bp2,1.053033327
Irgm1,1.010056682
Irgm2,0.933650003
Isg15,0.697606677
Isg20,0.483659987
Ist1,1.055846684
Itch,1.234686669
Itga4,0.745496666
Itga5,0.567229996
Itga6,0.701679967
Itgam,0.533560041
Itgav,0.647703329
Itgax,0.321053326
Itgb1,0.573529993
Itgb2,0.487019925
Itgb5,0.680086652
Itm2b,0.758423334
Itsn2,0.613766671
Jak1,0.656169995
Jup,0.378633351
Kat2a,0.22392
Kcnab2,0.528070001
Kcnk6,1.235300043
Kcnn4,1.24703335
Kctd12,1.248876631
Kdelr1,0.341536697
Kdm1a,0
Kdm3b,0.222136674
Khdrbs1,0.627996681
Khsrp,1.044570011
Kiaa0196,0.911256668
Kiaa0226;1700021K19Rik,1.595433361
Kiaa0907,0.634639988
Kiaa1033,0.97763331
Kiaa1598,0.213163333
Kiaa1671,1.233393337
Kif13b,3.91805112
Kif16b,0.716450008
Kif1a,0.607499994
Kif5b,1.150656703
Kpnb1,1.024080004
Kras,1.022086659
Krt28;Krt24,9.170332937
Krt76,9.276900844
Lamp1,1.143033319
Lamtor1,1.992799855
Lamtor2,1.381266672
Lamtor3,1.366633357
Lancl1,0
Laptm5,0.362279997
Lasp1,1.05130004
Lat2,0
Lbr,1.478766656
Lcp1,0.925766653
Lcp2,0.726393341
Ldha,0.962253323
Ldlr,0.818899998
Lgals1,0.89504332
Lgals3,1.012523339
Lgals3bp,0.954840009
Lgals3bpF6VRP8,0.983563319
Lgals8,0.94748666
Lgals9,0.912393329
Lgmn,1.262533308
Lig1,0.729850018
Lilrb3,0.560676609
Lilrb4,0.493803258
Lima1,0.773363331
Limd2,0.810753307
Lims1,0.264526672
Lin7c;Lin7a,0.31488667
Lipa,1.048336662
Lman1,1.109399996
Lman2,1.015706669
Lmbrd1,0.950536689
Lmbrd2,0.993603337
Lmna,1.353106659
Lmnb1,1.740466439
Lmnb2,1.339826625
Lnpep,0.565539972
Loh12cr1,1.118033327
Lpcat2,0.559566655
Lpl,0.597149994
Lrp1,0.581523289
Lrp1b,0.25463999
Lrpap1,1.082006645
Lrpprc,0
Lrrc25,0.621416663
Lrrc57,0.947076684
Lrrc59,0.989536629
Lrrc8c,0.213300004
Lsp1,1.202183337
Lss,1.157710002
Ly86,1.464066644
Ly9,0.689036671
Lyn,0.646223337
Lypla2,0.66176334
Lyz1,1.21460001
Lyz2,1.121406648
M6pr,0.687646661
Macf1,0.981080015
Magt1,0.936163335
Man1a1,0.721940048
Man1c1,0.268533335
Man2a1,0.477970005
Man2b1,1.085866703
Man2b2,1.199433321
Manba,1.080276662
ManbaQ8K2I4,0.819920018
Manf,0.889020021
Map1s,0.994943331
Map2k1;Map2k2,2.124082919
Map2k4,0
Map3k11,0.309816653
Map4;Mtap4,0.788866667
Mapre1,0.495293342
Marc2;Mosc2,0.883846684
Marcks,0.727956638
Marcksl1,1.144466681
Mark2,0.299843333
Matr3,0.378300005
Mavs,0
Mboat7,0.403033342
Mbp,1.157583292
Mcl1,1.145199998
Mcoln1,0.617773334
Mcoln2,0.370000006
Mdh1,0.774849995
Mdh2,0.812606655
Me2,0.361399997
Mef2bnb;2310045N01Rik,0.383966673
Mesdc2,0.415140015
Mettl3,1.114433363
Mettl7a1;Mettl7a2-Higd1c;Ubie;Mettl7a2;Mettl7a3;AB099516,1.226633358
Mfge8,1.002956627
Mfsd1,1.243233378
Mfsd12,0.999256683
Mfsd7,0.799633342
Mfsd8,1.281766654
Mgat1,0.553696662
Mgp,0.526843361
Mia3,1.08172003
Mic1,1.418266642
Milr1,0.627106669
Mki67,1.272863337
Mlec,1.050976631
Mlst8,0.473033348
Mob1b;Mob1a,0.596973346
Mob4,0.793976693
Mon1a,1.295866674
Mon1b,1.362133293
Mpdu1,0.710516646
Mpeg1,0.825836652
Mpo,0.890959999
Mpp1,1.160143308
Mrc1,0.731956661
Ms4a4c,0.6593633
Msn,0.772506663
Msr1,0.458173301
Msra,0.91996667
Mtatp8;mt-Atp8,1.355496787
Mtch2,1.254056697
Mtco1;mt-Co1,0.648750046
Mtco2;mt-Co2,1.313286712
Mtdh,0.663173327
Mtss1,0.734329994
Mvp,1.03792667
Myadm,1.215499998
Myh14,0.784133358
Myh9,0.673933311
Myl12a;Myl12b;Myl9,0.94799002
Myl3;Myl1,2.015233149
Myl6,1.118643349
Myo1c,0.300786683
Myo1e,0.837749962
Myo1f,1.097803342
Myo1g,0.751220001
Myo5a,0.940396687
Myof,0.532280008
Naaa,1.107500004
Naca,0.686646666
Naga,1.42643332
Naglu,1.113066641
Nagpa,0.736200009
Nap1l1,0.619703351
Napa,0.959583322
Napg,1.024546692
Napsa,1.310766674
Nceh1,1.190799995
Ncf1,0.64296332
Ncf2,0.279753328
Nckap1l,1.105853308
Ncl,0.49691001
Ncoa3,1.373766655
Ncor1,0.279533326
Ncstn,0.536883309
Nde1;Ndel1,0.822139971
Ndufa10,0.927833372
Ndufa4,0.997316647
Ndufa6,0.401833347
Ndufc2,0.220843335
Ndufs1,1.085710009
Ndufs2,1.115699943
Ndufs3,0
Ndufv1,0.31913666
Ndufv2,0.178576668
Neb,0.569723329
Necap2,0.537493336
Nek2,0.300349967
Neu1,1.09921004
Nfam1,0.295526662
Nfatc2ip,0.553779986
Nhlrc3,0.632610019
Nhp2l1,0.684566453
Nhsl2,0.605586646
Nin,0.702869969
Nipsnap3b,0.736529995
Nisch,0.245303326
Nmt1;Nmt2,0
Nob1,0.853366658
Nomo1,0
Nono,1.288486696
Npc1,1.226666632
Npc2,0.486093369
Npm1,0.57518994
Nptn,0.824010005
Nrp1,0.620213326
Nrp2,0.829140033
Nsdhl,1.020913318
Nsf,1.019406659
Nucb1,0.846256641
Nucb2,0.799823318
Nudc,0.709169982
Numa1,1.291620018
Numb,1.310563412
Numbl,1.256363328
Nup54,0.467396666
Nup62,0.602860021
Nutf2,1.19419994
Oas1a;Oas1g,0.868033309
Oas3,0.879470033
Oat,0.936743336
Ogdh,0.756646665
ORF3,0.308010001
Osbp,0.768773313
Osbpl11,1.284733389
Osbpl1a,0.992273334
Osbpl6,0.24751667
Osbpl8,0.835206674
Osbpl9,0.814896681
Ostf1,0.552706696
Ostm1,1.049280016
Otud7a,1.263503497
Oxct1,0.724210009
P2rx4,1.389819999
P2rx7,1.004743344
P33monox;4833439L19Rik,0.588700005
P4hb,1.030836693
Pa2g4,0.819203329
Pabpc1;Pabpc6,0.706093331
Paics,1.117703311
Paip1,0.906523336
Pak2,0.375749969
Parp1,1.259076681
Parp14,0.588319998
Pcbp1,1.160109989
Pcbp2;Pcbp3,0.683286679
Pcdhb2,0.24898332
Pck2,0.356733322
Pcmt1,0.230106669
Pcna,1.213663348
Pcnp,0.965070011
Pcyox1,1.172133325
Pcyox1l,0.30213334
Pcyt1a,1.102356688
Pdcd6,0.685913331
Pdcd6ip,0.913216679
Pdha1,0.878823341
Pdhb,0.832136649
Pdia3,1.106900029
Pdia4,1.055933318
Pdia6,0.920966664
Pdlim2,0.993463327
Pdlim5,0.950656656
Pdxk,0
Pef1,0.687966656
Pepd,0.199470001
Pex14,0
Pf4,1.12382003
Pfkp,0.759599999
Pfn1,0.926093349
Pgam1,0.956896664
Pgd,0.777046679
Pgk1,0.906313334
Pgrmc1,0.898350013
Pgrmc2,1.212299892
Phb,1.107619994
Phb2,1.186929972
Pi4k2a,1.21219997
Pi4ka,0
Pid1,0.65408332
Pigs,0.812100007
Pigt,0.276136672
Pik3ap1,0.756123327
Pik3c3,0.977616638
Pik3cg,0
Pik3r4,0.868343326
Pion,1.498300134
Pip4k2a,0.891020001
Pip4k2b,0
Pitpna,0.990826654
Pkm2,1.105726689
Pkn1,1.043490007
Pla2g15,0.541266726
Pla2g7,0.652706669
Plau,0.498993343
Plaur,0.614663343
Plbd1,1.044973348
Plbd2,1.033403364
Pld1,1.303880018
Pld3,0.906866668
Pld4,1.071133337
Plec,1.181530006
Plek,0.881063333
Plekha1,0.178123331
Plekho1,0.765910012
Plekho2,1.327156687
Plod1,0
Plod3,0
Plscr3,0.666149995
Pltp,0.88296666
Plxdc1,0.257573325
Plxna1,0.301743418
Plxnb2,0.577326664
Pnp,0.918930011
Pon2,1.174833311
Pon3,1.434866678
Por,1.29299999
Ppia,1.030853311
Ppib,1.105506658
Ppm1h,0.782376654
Ppp1ca,0.980963329
Ppp1cb,0.203153327
Ppp1cc,0.70669
Ppp1r12a,0.427853292
Ppp1r12c,0.648503311
Ppp1r18,1.390559873
Ppp2ca;Ppp2cb,0.647663322
Ppp2r1a,1.056800004
Ppt1,1.306466652
Ppt2,0.586430062
Pqbp1,0.563123328
Prcc,1.088163327
Prcp,1.104320008
Prdx1,1.002170035
Prdx2,1.077356668
Prdx3,0.875043324
Prdx4,0.92561664
Prdx5,1.029899978
Prkacb,0.961689991
Prkar1a,1.107623297
Prkca,0.407900025
Prkcd,0.595366626
Prkcsh,1.088433349
Prpf19,0.419633366
Prpf31,0.977600019
Prpf40a,0.678493295
Prrc2c,0.703056678
Psap,0.581896668
Psen1,1.119800019
Psen2,0.897136664
Psma1,0.925003322
Psma4,0.209146651
Psma6,0.696810041
Psma7,1.002086668
Psmb1,0.964573325
Psmb10,0.871816698
Psmb3;Gm5356,0.39046664
Psmb8,0.747576673
Psme1,0.464900022
Pstpip1,0.899266692
Ptbp1,1.432466642
Ptgs1,0.432133326
Ptp4a2,0.802070011
ptplad1,0.455233332
Ptpn1,1.090033325
Ptpn23,0.761113336
Ptpn6,0.884080018
Ptpn9,1.184293372
Ptpra,0.687456676
Ptprc,0.624619982
Ptpre,0.867643341
Ptprj,0.698430007
Ptpro,0.208886665
Ptrh2,0.712000023
Pttg1ip,1.743799778
Pxk,0.143033353
Pzp;A2m,0.72946001
Qki,1.14382
Rab10,0.782976657
Rab11a,0.390600012
Rab11b;Rab11a,0.890293348
Rab11fip5,0.998499983
Rab12,1.12863998
Rab13,0.54297666
Rab14,0.756460008
Rab18,1.137199961
Rab19,1.048286664
Rab1A;Rab1,1.091300002
Rab1b,1.099133312
Rab21,1.035859997
Rab22a,0.649813331
Rab23,0.345299998
Rab27a,1.267566897
Rab2a,0.937499995
Rab31,0.99669335
Rab32,1.024083335
Rab33b,0.406399998
Rab34,0.731036648
Rab35,1.031380032
Rab39a,1.401733353
Rab3a,0.556163304
Rab3d,1.105733325
Rab4b,1.059866663
Rab5a,0.985590007
Rab5b,1.027703347
Rab5c,0.984546655
Rab6a,0.882903323
Rab6a;Rab6b,0.600633339
Rab7a,1.009440003
Rab7b;5430435G22Rik,1.249499984
Rab7l1,1.238866677
Rab8a,1.109133376
Rab8b,1.059299973
Rab9a;Rab9,0.967643371
Rabl3,0.777733346
Rac1;Rac3,0.964149981
Rac2,1.240173369
Rala,0.83677998
Ralb,1.083713303
Raly;C130057N11Rik,1.128670028
Ran;1700009N14Rik,0.994186699
Ranbp1,0.335100015
Ranbp2,0
Rangap1,0.190409993
Rap1a,0.977729995
Rap1b,1.264866654
Rap2a,0.84987335
Rap2b,1.00555001
Rap2c,0.74914999
Rasa3,0
Rasa4,0.46956667
Rassf4,0
Raver1,0.53967666
Rbbp4,1.161943318
Rbm25,0.642930007
Rbm3,0.782480004
Rbmx;Rbmxl1,0.715766656
Rbp4,0.49646668
Rcc1,1.430003327
Rcn2,1.096433284
Rcor1,0.584939979
Rdh11,1.299266682
Rdh14,1.098613336
Rdx,1.15158001
Reep5,0.617856668
Rer1,1.576966657
Rftn1,0.622319987
Rgs1,0.215963319
Rgs10,0.337513369
Rgs18,0.823926668
Rgs19,0.663383344
Rgs3,0
Rhbdf2,0
Rhoa;Rhoc,1.070573348
Rhob,1.004436674
Rhog,0.867619983
Ripk1,0.791073334
Ripk3,0.929793319
Rit1,0
Rnaset2,1.137000131
Rnd1,0
Rnd3,0.41929999
Rnf128,0.418700022
Rnf13,0.820173335
Rnf213,0.824913341
Rnh1,1.037763317
Rock1,0.659526673
Rock2,0.759889989
Rod1;Ptbp3,0
Ros1,0.121506677
Rp2,0.979013351
Rpl10;Rpl10l,0.569156645
Rpl10a,0.863683338
Rpl12;Rpl12-ps1,0.902516675
Rpl13;Rpl13-ps3,0.595290001
Rpl14,0.489290011
Rpl17,0.658856634
Rpl21;Gm9104;Rpl21-ps6,1.10724001
Rpl22,0.628753366
Rpl22l1,0.872900017
Rpl23,0.862923337
Rpl23a-ps3;Rpl23a;Gm10335;Gm3940,0.83136336
Rpl24,0.854590027
Rpl26,0.972160012
Rpl27,0
Rpl28,1.0721367
Rpl3,0.57062664
Rpl30,0.967016659
Rpl31;Gm16382,0.740359981
Rpl34;Gm2178,0
Rpl35a,1.026099968
Rpl37a,1.085276674
Rpl38,0.981643378
Rpl4,0.353766678
Rpl5,0.603933356
Rpl6;Gm5428,0.716883352
Rpl8,0.337796699
Rpl9;Rpl9-ps6,0.828913323
Rplp0;Gm8730,0.77241
Rplp1;Gm10073,0.492763385
Rplp2,0.458466629
Rpn1,1.117833321
Rpn2,1.303699996
Rprd2,0.930206648
Rps10,0.800449981
Rps11,0.895236672
Rps12,0.739416655
Rps13,0.738349997
Rps14,0.691883318
Rps15,1.048753345
Rps15a,0.742516669
Rps16,0.878086684
Rps17,0.725126639
Rps19;Rps19-ps13;Rps19-ps1,0.958453338
Rps2;Rps2-ps6;Gm6576;Rps2-ps5;Gm8225,0.683016657
Rps20,0.55002996
Rps21,1.128973326
Rps23,0.509206681
Rps25,0.78617335
Rps26,0.678070018
Rps27a,0.433176652
Rps27l,0.908006642
Rps28,1.078433319
Rps3,0.820606677
Rps4x;Rps4y2,0.730853336
Rps5,0.764016661
Rps6,0.539093325
Rps6ka1,0.97480335
Rps7;Gm9493,0.946130007
Rps8;Gm11353,0.440443343
Rps9,0.16899334
Rpsa-ps10;Rpsa,0.748829991
Rptor,0.010429332
Rraga;Rragb,0.963236629
Rragc,1.014293332
Rras,0.920343339
Rrbp1,0.788803324
Rsad2,0.738409941
Rsu1,0.778910006
Rtn1,0.445033355
Rtn4,0.935290014
Rtn4Q8BH78;Q8BHF5;Q99P72-1,0.932713323
Rufy1,0.52585667
Rufy2,0.232913344
Ruvbl1,1.406233369
S100a10,1.87119994
S100a11;Gm7665,0.722293364
S100a13,0.572049997
S100a4,1.141896661
S100a6,1.099366666
Saa3,0.167566656
Sacm1l,1.140066696
Samm50,1.436096655
Sar1a,0.296130008
Sarnp,1.348100013
Sash3,1.147186635
Scamp1,1.469300016
Scamp2,1.250199993
Scamp3,1.437333305
Scamp4,1.098766707
Scarb1,0.943120026
Scarb2,1.259099989
Scfd1,1.040039997
Scp2,0.937110001
Scpep1,0.897506649
Scyl2,0.805243318
Scyl2Q8CFE4,0.439183331
Sdc4,1.06751334
Sdcbp,1.044363326
Sdf2l1,1.011246652
Sdha,1.290426668
Sdhb,1.057830002
Sec11a,1.097799999
Sec13,0.571253359
Sec16a,0
Sec22b,1.242166675
Sec23b,0.846176673
Sec24b,0.272276656
Sec24c,0
Sec31a,0.448800006
Sec61a1;Sec61a2,0.925199985
Sec62,0.681943328
Sel1l,0.986700005
Sema4d,0
Serbp1,0.65903665
Serinc1,0.880046644
Serinc3,0.588383278
Serpinb6a;Serpinb6,0.86480666
Serpinc1,2.02089939
Sf1,1.277433313
Sf3b4,0
Sfn,0.256756659
Sfpq,1.174299975
Sft2d2,0.337466678
Sfxn1,1.271766693
Sfxn3,1.061266684
Sgpl1,1.224366698
Sh3bgrl3,1.347133313
Sh3bp1,0.929926695
Sh3bp2,0.241436667
Sh3gl1,0.807533322
Sh3glb1,0.958399953
Sh3glb2,0
Sh3kbp1,0.467143334
Sh3pxd2b,0.842310007
Shmt2,0.991446697
Siae,0.722840004
Sidt2,1.032196653
Siglec1,1.003809995
Sigmar1,0.294840006
Sipa1,1.449130107
Sirpa,0
SirpaE0CYM8;P97797;E9QPT7;P97797-3,0.569823349
Sirt2,0.66145997
Skap2,0.761476651
Skp1,0.772809999
Slc11a1,1.287593407
Slc12a4,0.855716653
Slc12a6,0.196439995
Slc12a7,0.88998333
Slc12a9,1.292300031
Slc15a3,0.94167333
Slc15a4,1.0914733
Slc16a1,0
Slc16a10,0
Slc16a3,0.740093333
Slc17a5,0.87879666
Slc1a5,0.648833313
Slc23a2,0.993513313
Slc25a1,1.016750022
Slc25a10,0.81028
Slc25a11,0.784213342
Slc25a12,1.232036657
Slc25a13,0.916399956
Slc25a24,1.150313308
Slc25a3,1.029446655
Slc25a4,0.641816652
Slc25a5,0.855756653
Slc26a11,1.233103318
Slc29a3,1.417200021
Slc2a1,0.787400052
Slc2a6,1.356766653
Slc2a8,1.158666644
Slc30a7,0.979766662
Slc31a1,1.38043336
Slc36a1,1.014566498
Slc37a2,1.047753318
Slc38a2,0.941686659
Slc38a7,1.068283323
Slc38a9,1.269969977
Slc3a2,0.772059987
Slc43a2,0.634126664
Slc44a2,0.72810001
Slc46a3,0.649316675
Slc48a1,3.122400573
Slc4a2,0.656650006
Slc4a7,0
Slc6a6,0.478293355
Slc7a1,0.221413332
Slc7a5,0
Slc7a8,0.247863338
Slc9a6,0.533439988
Slc9a9,1.144519966
Slco4a1,0.690223317
Smap1,1.003333305
Smap2,0.680760024
Smarca5,0.800679995
Smarcc2,0.339566669
Smc1a,0.218366659
Smc2,0.486246678
Smpd1,0.918093354
Smpdl3a,0.977819987
Smpdl3b,0.805756667
Snap23,0.979503332
Snap29,0.641443359
Snapin,0.852883337
Snd1,0.580386678
Snf8,0
Snrpa;Gm5145,0.245500012
Snrpc,0.591173342
Snrpd3,0.210956669
Snrpn;Snrpb,0.240063321
Sntb2,0.23306334
Snx1,0.527616653
Snx11,1.352033355
Snx12,0.617493352
Snx16,0.767230019
Snx17,0.58487667
Snx2,0.980206634
Snx20,0
Snx27,0.481910011
Snx29,0.602199994
Snx3,0.539263323
Snx30,0
Snx4,0.172063334
Snx5,0.726606674
Snx6,0.227066676
Snx8,0.37510337
Sod1,1.299403332
Sod2,0.596649986
Spag7,1.362959984
Spcs2,1.384166665
Spcs3,0.891293321
Spe39,0.508193322
Specc1,0.800563346
Spg20,0.703023324
Spg21,1.177489995
Sphk2,1.359599989
Spn,0.733766669
Spns1,1.467166669
Sppl2a,0.980959989
Spryd7;6330409N04Rik,0.905533341
Sptbn1,1.1126
Sptlc2,1.129466699
Sqrdl,1.077600028
Sqstm1,1.107780029
Sri,1.021506631
Srp14,0.29315332
Srp19,0
Srp54;Srp54c,0.936160025
Srp68,0.410646654
Srp9,0
Srsf3;Gm12355,0.551333358
Ssr1,1.096166689
Ssr3,1.238833347
Ssr4,1.364166717
Ssrp1,0.856656659
St13,0.499786654
St3gal1,0.476286666
Stab1,0.484433337
Stam,0
Stam2,0
Stambpl1,0
Stard3,1.19167669
Stard3nl,1.019663356
Stat1,1.141600028
Steap3,0.780109987
Stk11ip,1.183933318
Stk24;Mst4;2610018G03Rik;Stk25,0.399266684
Stk3,0.362100004
Stk38,0.639169996
Stmn1,0.311540008
Stmn2,0.320123335
Stom,1.326143333
Strn,0.724516643
Sts,0.940599976
Stt3a,1.111133394
Stx11,0
Stx12,0.996046637
Stx16,0
Stx17,1.185346699
Stx2,0.783329994
Stx3,1.05966333
Stx4,0.792786674
Stx5;Stx5a,0.787699966
Stx6,0.94843334
Stx7,1.17690003
Stx8,1.580166689
Stxbp1,0.885426672
Stxbp2,0.859563331
Stxbp3,0.839220013
Stxbp5,0.735859974
Sub1,0.697413282
Sucla2,0.923076652
Suclg1,0.884276682
Sugp1,0.41088667
Sumo2;Sumo3,1.195533296
Sun2,1.219573384
Surf4,1.189536707
Swap70,0
Syk,0.473789978
Syncrip,0.703066663
Syngr1,1.040656598
Syngr2,0.403866643
Synrg,0.988296651
Sypl1;Sypl,0.935869999
Tagln2,0.880606653
Taok3,0.450899995
Tap1,1.142533326
Tap2,1.238366669
Tapbp,1.183933336
Tardbp,1.137506685
Tbc1d22a,0
Tbc1d2b,0
Tbc1d5,1.032500014
Tbl1x,1.038366678
Tbxas1,0.272420013
Tceb1,0.707493315
Tceb2,0.630386662
Tcirg1,1.364466723
Tcof1,1.184896687
Tcp1,1.201336676
Tdrd7,0.865633345
Tecpr1,1.19336685
Tecr,1.314266641
Tes,0.816119981
Tex264,0.940033332
Tfe3,0.995823343
Tfrc,0.675830019
Tgfbi,0
Tgm2,0.755636692
Themis2,0.873699999
Thrap3,0.633763305
Timm44,1.031279986
Timm50,0.359399996
Timm9,0.489066686
Tkt,0.926986681
Tln1,0.92722998
Tlr13,0.911123319
Tlr2,0.875176669
Tlr3,1.028943333
Tlr7,1.114019977
Tlr8,1.213293363
Tlr9,1.566733351
Tm7sf3,1.319166619
Tm9sf1,0.714553328
Tm9sf2,0.83048002
Tm9sf3,0.786646654
Tm9sf4,0.723193334
Tmco1,1.162333349
Tmed10,1.016350013
Tmed2,1.083383337
Tmed4,1.154596669
Tmed5,0.342466672
Tmed7,1.075449986
Tmed9,1.021830016
Tmem104,0.894713355
Tmem106a,1.111700012
Tmem106b,1.519166649
Tmem106c,1.476233323
Tmem109,0.928013359
Tmem120a,0.753510015
Tmem144,1.422066673
Tmem14c,0.667136698
Tmem165,0.415400043
Tmem173,1.175433357
Tmem175,1.419700017
Tmem176b,0.402933315
Tmem179b,1.686299975
Tmem192,1.005163333
Tmem206,0.463836724
Tmem30a,0.715640002
Tmem43,1.4373
Tmem55a,1.431166648
Tmem55b,1.93880013
Tmem63a,1.496466668
Tmem87a,0.645883342
Tmem9b,1.04411003
Tmpo,1.407633294
Tmsb4x,1.677166429
Tmx1,1.068113335
Tmx2,0.479233345
Tmx3,1.068389984
Tmx4,0.312446674
Tnf,0
Tnfaip2,0.96003334
Tnfaip8l2,0.251556679
Tnfrsf23,0.659606666
Tns1,0.167906653
Tollip,1.204533335
Tom1,1.390979972
Tomm40,1.287499966
Tomm70a,0
Top2a,0.624933333
Tor1aip1,1.11232995
Tor1aip2,0.344999989
Tor3a,0.933033331
Tpcn1,1.133380009
Tpcn2,1.476766657
Tpd52,0.566150029
Tpd52l2,0.737119985
Tpi1,0.865229986
Tpm3-rs7;Tpm3,0.765749998
Tpm4,0.319503327
Tpp1,1.513066683
Tpt1,0.417230012
Trafd1,0.533343293
Trem2,0.649713376
Trex1,1.353899986
Trim14,1.314433348
Trim21,0
Trim28,0.526233318
Trpv2,0.776300024
Tsen34,0
Tsg101,0.922256675
Tspan14,0.416333311
Tspan31,0
Ttc35,0.743333344
Ttk,0.300656676
Ttn,0.857890001
Ttyh2,0.635516672
Ttyh3,0.991730021
Tuba1a;Tuba3a,0.299156663
Tuba1b,1.024866665
Tuba4a,0.329900006
Tubb4b,0.988196689
Tubb5,0.94929333
Txn,0.825360014
Txndc12,0.973480025
Txndc5,1.219999988
Tyrobp,1.216869968
Uba1,0.565910016
Ubap2,0.42510001
Ubap2l,1.085899987
Ube2d3;Ube2d2,0.766876672
Ube2l3,0.817863314
Ube2n,1.040343328
Ubl3,0.412866681
Ubl5;Gm2001,0.26627
Ubtf,0.332746665
Ubxn4,0.386133358
Ufd1l,1.418099995
Ufm1,0.744433346
Uggt1,0.990853321
Ugt1a7c,1.129366657
Unc13d,0.752509989
Unc93b1,1.309489978
Upf1,0.248250013
Uqcrb,0.700923346
Uqcrc1,1.149666702
Uqcrc2,1.03136669
Uqcrfs1,1.746433325
Uqcrh,1.113146645
Usmg5,0.453603321
Usp12;Usp46,0
Uvrag,0.963410023
Vac14,0
Vamp3,1.726666912
Vamp4,0.570033376
Vamp7,1.181433333
Vamp8,1.323766658
Vapa,1.131856686
Vapb,1.391800029
Vasp,0.831683339
Vat1,0.993876693
Vcp,0.970696676
Vdac1,1.119166649
Vdac2,1.041060019
Vdac3,1.147466663
Vim,1.063829973
Vmp1,0.893886677
Vps11,1.035300024
Vps13c,0.882623343
Vps13d,0.376866666
Vps16,1.05947998
Vps18,0.890543321
Vps26a,0.803966653
Vps26b,0.792310017
Vps28,0.931913335
Vps29,0.725176664
Vps33a,0.977363335
Vps33b,0.687893366
Vps35,0.741426663
Vps37b,1.08086999
Vps37c,1.329409952
Vps39,0.978690016
Vps41,0.916689986
Vps45,1.070296617
Vps4a,0.169346667
Vps4b,1.025066652
Vta1,0.766783341
Vti1a,0.837553349
Vti1b,1.347666619
Vwa5a,1.086730003
Was,0.771520002
Wasf2,0.717890038
Wash1,1.097336671
Wbp11,1.035933314
Wdfy2,0.080043358
Wdfy4,0.202936672
Wdr1,0.784943321
Wdr41,0
Wdr45l,0.594160017
Wdr5,0.855913331
Wdr7,0.982699997
Wdr70,0.334800005
Wdr81,1.195493334
Wdr91,1.182333298
Wipf1,0.855539988
Wnk1,0.913500002
Wwp1,1.219479988
Wwp2,1.094493315
Yipf3,0.496670004
Ykt6,1.003559992
Ythdf3;Ythdf1,0.407860003
Ywhab,0.811490005
Ywhae,0.758146667
Ywhag,1.018180007
Ywhah,0.894630001
Ywhaq,0.558486653
Ywhaz,1.041263315
Zadh2,1.003336695
Zc3hav1,1.525316668
Zdhhc20,0.634373356
Zfand2a,1.28961003
Zfyve19,1.113623285
Zmiz1,1.488467017
Zmpste24,0.853119997
Znf703,0.846650003
Znrf1,0.831776688
Znrf2,0
Zyx,0
0,0.756686682
Q9DAM7,0.769813318
Q8K039;D3YWR8,0.698976685
Q9D735,0.565333345
Q9D6W8,0.338960018
Q9D0B6;Q9D0B6-2,1.162206706
Q8CAQ8-3;Q3TZK4;E9PVS5,1.061623303
Q7M6Y3-5;Q7M6Y3-3;Q7M6Y3-2,1.219456697
Q3TYS2,1.042796682
P17047-3,0.268896652
Q5F285,1.344300342
Q9CRC6,0
J3QNB0;Q9CQE8,0
Q6PIU9,0.426396677
Q9ES97-3,0.713756651
Q8VE96;D6RHL1,0
Q8C708,0.184033333
Q8K1J5,0.245876677
P10404,0.793700016
Q8R239;Q8R239-3;Q8R239-2,0.384229976