Gene names,2015 Dill IgG Early
Septin-2,0.844206662
Septin-7,0.791286652
Septin-8,0.727093332
Septin-9,0.819433327
Septin-11,0.870866683
15 kDa selenoprotein,0
0610031J06Rik,0.648776676
1700112E06Rik,0.471206704
2310022A10Rik,0.235949987
2410018M08Rik;Chchd2,0
2810422J05Rik;Uba52;Ubc;Ubb,0.819470011
4632428N05Rik,1.759166675
4732456N10Rik,0.52659999
5031439G07Rik,0.841549976
9030624J02Rik,0.762813319
Aak1,0.825833299
Abca3,0.59095
Abcb11,0.37680668
Abcb1b,2.512999608
Abcb6,0.534726708
Abcc1,2.450633425
Abcc3,1.114133304
Abcd1,0.718219984
Abcd3,0.990436676
Abcd4,0.577746707
Abcf2,0.924733349
Abhd12,0.938993322
Abi1,1.300759991
Abr,0.917036627
Acaa1a;Acaa1b,0.886590006
Acaa2,0.748593298
Acadl,0.77102
Acadm,0.609070014
Acads,1.064916677
Acadvl,0.245476666
Acap2,1.061166686
Acat1,0.956740008
Acbd3,0
Aco2,0.943976637
Acot13,0.411333306
Acox3,0.852039982
Acp2,0.409413291
Acp5,0
Acsl1,0
Acsl4,1.278266712
Acsl5,0.800433327
Actc1;Acta1;Acta2;Actg2,1.972266637
Actn1,0.541876622
Actn4,0.973436657
Actr1a;Actr1b,0
Actr2,1.337666688
Actr3,1.226966652
Adam10,1.39546664
Adam17,1.255196666
Adam8,1.44886664
Adam9,1.345340019
Adcy7,2.018466774
Aga,0.690333327
Agfg1,0.842633333
Agfg2,1.486733352
Agps,0.786463332
Agtrap,0.488566596
Ahnak,2.059833393
Ahnak2,0.6431333
Ahnak2F7CVJ5,0.998569986
Ahnak2E9PYB0,0.814300002
Ahsa1,0.315373341
AI607873,1.663166616
Aif1,0
Aifm1,0.598686688
Aifm2,1.147266646
Akap10,0.93672668
Akr1a1,1.101646595
Akr1b1;Akr1b3,0.820999977
Alcam,2.429800069
Aldh2,0.794270007
Aldh3a2,0.715533363
Aldh3b1,1.374700016
Aldh9a1,0
Aldoa;Aldoart1,1.015916671
Alg2,0.584760015
Alg5,0
Alox5,0.915056661
Alox5ap,0.580479966
Alyref;Alyref2;Refbp2,1.303367114
Ankfy1,1.057233338
Ankh,1.13750665
Anln,0.738666727
Ano6,1.917133421
Anp32b,2.606299873
Anpep,1.695866679
Antxr2,0.654599996
Anxa1,1.165966671
Anxa11,1.068769967
Anxa2,1.069096704
Anxa3,1.010223326
Anxa4,1.301233295
Anxa5,0.749293305
Anxa6,0.946023323
Anxa6P14824,0.909230016
Anxa7,0.945716639
Aoah,0.336180076
Ap1b1,0.85042997
Ap1g1,0.611839995
Ap1g2,0
Ap1m1,0.649740007
Ap1s1,0.503076674
Ap1s2,0.664776664
Ap2a1,1.594166684
Ap2a2,1.52383333
Ap2b1,1.309233348
Ap2m1,1.803900048
Ap2s1,1.937033357
Ap3b1,0.622199975
Ap3d1,0.546703341
Ap3m1,0.549876662
Ap3s1,0.472070056
Ap3s2,1.239566673
Aph1a,0.530323331
Apmap,0.787616667
Apoa1bp,0
Apob,0.73286332
Apobr,0.978599983
Apoe,0.45841661
App,0.734663354
Apr3;0610007C21Rik,0.251500071
Araf,1.338466687
Arap1,0.28810335
Arf3;Arf1,1.249823351
Arf5,0.224270022
Arf6,1.065596652
Arfgap1,0
Arfgap2,1.468633276
Arfgap3,1.244253375
Arfip1,0.176050008
Arfrp1,0.400233352
Arhgap1,0
Arhgap17,0.99317336
Arhgap22,0.602663339
Arhgap25,0.799983362
Arhgap30,2.507916169
Arhgap4,0
Arhgap9,0
Arhgdia,0.617140007
Arhgdib,0.678086696
Arhgef1,0.772250012
Arhgef10l,0.947899984
Arhgef2,1.622466706
Arhgef7,0.795496671
Arl1,0.802029989
Arl4c,0
Arl6ip5,1.066006662
Arl8a,0.473946601
Arl8b,0.756353362
Armc10,0
Arpc1b,1.114933318
Arpc2,1.206640006
Arpc3,1.366800005
Arpc4,1.251299983
Arpc5,1.090609996
Arpp19,0.597203336
Arrb2,0.997476637
Arsa,0.56956662
Arsb,0.554513316
Arsk,0.599456669
Asah1,0.462513258
Asah2,0.636790017
Asph,0.88483668
Ass1,1.352299955
Atad1,0
Atl3,0.962343331
Atp11a,0.747063304
Atp11c,1.543366659
Atp13a2,0.464910067
Atp1a1,2.796666397
Atp1a3,2.476833698
Atp1b3,2.529632991
Atp2a2,0.785840003
Atp2a3,0.589329994
Atp2b1,2.733833395
Atp2b3,2.043933945
Atp5a1,1.058286689
Atp5b,1.007083365
Atp5c1,0.883273351
Atp5d,0.95272337
Atp5f1,0.939403313
Atp5h;Gm10250,0.964553343
Atp5i;Atp5k,0.682696641
Atp5j,0.961569997
Atp5j2,0.578440039
Atp5l;Atp5l-ps1,0.733469969
Atp5o,0.993266677
Atp6ap1,0.530113303
Atp6ap2,0.998869998
Atp6v0a1,1.096816626
Atp6v0c,0.569969962
Atp6v0d1,0.596219977
Atp6v0d2,0.997926658
Atp6v1a,0.664119993
Atp6v1b2,0.654956684
Atp6v1c1,0.563296686
Atp6v1d,0.596403346
Atp6v1e1,0.726983313
Atp6v1f,0.615496681
Atp6v1g1,0.823006664
Atp6v1h,0.578626659
Atp8a1,0.65612333
Atp9b,1.025323325
Atpif1,1.046686657
Atrn,0.85354669
Atxn2l,0
Aup1,0
B2m,2.135566907
B4galnt1,1.080846676
B4galt1,0.856063383
Bag3,0.727423339
Bak1,0.176363327
Banf1,1.283066619
Basp1,0.722320007
Bax,0.397126687
BC017647,0.467723339
Bcap31,0.797309983
Bcat2,0
Bcl7b,0.272273334
Bclaf1,1.182653324
Becn1,0.798010011
Bin1,0
Bin2,0.649549996
Birc6,0.401700009
Blmh,0.38553999
Blnk,0.941909978
Bloc1s1,0.304983331
Blvrb,1.007799989
Bmp2k,1.139953312
Bola1,0
Bphl,0.182880011
Bri3,0.399079967
Bst1,1.232366647
Bst2,2.15000016
Btd,0.400866677
Btf3,0.49602331
C1qa,0
C1qb,1.210133294
C1qbp,0.727816657
C1qc,1.118036649
C3,0.99091001
C3ar1,2.790100168
C5ar1,1.857866725
Cab39,0.286830014
Cacybp,0
Cadm1,1.758833278
Calm1;Calml3,1.213300003
Calr,0.905526655
Calu,0.635923331
Camk2d,1.000166703
Canx,0.844926655
Cap1,0.937386685
Capg,0.873816693
Capn1,1.313066692
Capn2,0.911266647
Capn5,1.679466709
Capns1,1.086433313
Caprin1,1.531333362
Capza1,0.863986657
Capza2,0.774576658
Capzb,0.960693349
Cast,1.127733319
Cat,0.828019993
Cbl,0.456319971
Cbr2,0
Cbx3,0.3796
Cc2d1b,0.212546661
Ccdc115,1.277406667
Ccdc12,0.476096666
Ccdc22,0.738930015
Ccdc50,0
Ccdc53,0.260089993
Ccdc75,0.946823338
Ccdc88b,0
Ccdc93,0.742293333
Cct2,0.764563325
Cct3,1.05560335
Cct4,0.573480006
Cct5,0
Cct6a,0.905303298
Cct7,0.279033337
Cct8,0
Ccz1,0.616260007
Cd14,2.84846648
Cd151,1.54110002
Cd180,0.579400002
Cd1d1;Cd1d2,0.561486672
Cd200r1,1.786299885
Cd2ap,1.074599998
Cd300a,2.536467099
Cd300lh;OTTMUSG00000003606,1.405766692
Cd36,1.191733309
Cd44,3.025600191
Cd47,1.704899993
Cd48,1.650000007
Cd5l,1.100663311
Cd63,0.567606683
Cd68,0.46450334
Cd72,1.938433433
Cd74,0.630883347
Cd81,1.083730028
Cd82,1.211266681
Cd84,2.752166523
Cd9,2.318433224
Cd93,2.475999757
Cdc42,1.483799998
Cdc42bpb,0.976200052
Cdc42ep4,0.837203338
Cdca3,1.097626689
Cdipt,0.668566652
Cdk1,1.044233347
Cdk14,0.369566681
Cdk18,0.972283315
Cdk2;Cdk3,0.510183342
Cdk5,0.969150023
Cdkn1b,0
Cds2,0.296990008
Cenpe,0
Cep41;Tsga14,0.627083323
Cep55,1.04325003
Cers2;Lass2,1.486033265
Cfl1,1.132033404
Cfp,0.772679965
Chchd3,0.669693329
Chd4,0.53696669
Chd6,0
Chi3l3,0.381523272
Chi3l4,0
Chmp1a,0.342749991
Chmp2a,0.778266658
Chmp2b,1.050776664
Chmp4b,0.677250006
Chmp5,0.723636677
Chmp6,1.052989966
Cisd1,0.290393325
Cisd2,0.663380003
Ckap4,1.701266628
Ckap5,2.222899686
Ckb,0.687996638
Clcn5,1.582733361
Clcn6,0.247866671
Clcn7,0.618263345
Clec10a;Mgl1;Mgl2,1.929333523
Clec12a,1.885466486
Clec4e,0.664966653
Clic1,0.31752334
Clint1,1.950633603
Cln3,0.638053326
Cln5,0.394486665
Clptm1,0.70281
Clrn2,0
Clta,1.032889991
Cltc,0.921173333
Cmtm6,1.433000002
Cndp2,1.041830027
Cnn2,0.867183339
Cnot4,0
Cnp,1.094866686
Cnpy2,0.218066672
Cnpy3,0.214360012
Cnpy4,0.480826682
Col4a4,0
Col6a3,0.333366672
Colec12,1.708199926
Commd1,0.819450005
Commd10,0.65589332
Commd2,0.914323366
Commd3,0.713899977
Commd4,0.720493347
Commd5,0.74731999
Commd6,0.824070015
Commd7,0.80221998
Commd8,1.231386669
Commd9,0.773916675
Comt,0.83015001
Copb2,0.858806704
Coro1a,1.57396663
Coro1c,1.435166675
Coro2a,0.803810048
Cotl1,0.311750005
Cox4i1,1.059566663
Cox4nb,0.727149998
Cox5a,0.774336664
Cox5b,0.984596683
Cox6a1,0.850320006
Cox6b1,0.915533347
Cox6c,0.98988002
Cox7a2,0.547143344
Cox7c,0.856439987
Cpd,0.404433329
Cpne1,0.663570015
Cpne2,0.924746643
Cpne3,1.12927
Cpq,0.581223364
Cpt1a,0.771943283
Cr1l,2.37230036
Creg1,0.601136659
Crip1,0.95180665
Cs,0.857713364
Csf1,0.71476666
Csf1r,1.531033384
Csf2ra,0
Csk,0
Csnk1a1,1.251899982
Csnk1g3,0.41790001
Csnk2b,1.700466309
Csrp1,0.913283337
Cst3,0.72228666
Cst7,0
Cstb,0.80755667
Ctbs,0.489410032
Ctdsp1,0.846116672
Ctnnd1,1.188400015
Ctsa,0.588106655
Ctsb,0.784713403
Ctsc,0.486326675
Ctsd,0.554783306
Ctsf,0.111186651
Ctsh,0.48082003
Ctsl1,0.863460004
Ctso,0
Ctss,0.574970026
Ctsz,0.578530005
Cttnbp2nl,0.935766664
Cuedc2,0.327003341
Cux1,0
Cwc15,1.164929992
Cxcl2,0
Cyb5a;Cyb5,0.84466
Cyb5b,0.78855667
Cyb5r3,0.766749977
Cyba,1.330533385
Cybb,0.89907668
Cyc1,0.754400002
Cyfip1,2.08893346
Cyp20a1,1.097453311
D10Jhu81e,0.443699982
D10Wsu52e,0.822029998
D17Wsu104e,0.695546668
Dab2,1.76933335
Dad1,1.059110003
Daglb,0.784940004
Dars,0
Dbi,0
Dbr1,0.793203342
Ddb1,0.628226687
Ddost,0.999936653
Ddrgk1,0.261316658
Ddx1,1.271499997
Ddx39b;Ddx39a,1.595799941
Ddx3x;D1Pas1,1.575966688
Ddx3y,1.29810002
Ddx42,1.046020002
Ddx46,0.751059986
Ddx5,1.179433348
Decr1,0
Degs1,1.241700001
Dek,0
Dennd1a,0.918036666
Dhrs1,0.724369991
Dhrs4,0.644253314
Dhrs7,0.585666676
Dhx15,0.76603334
Dhx9,1.003733283
Diap1;Diaph1,0.82512002
Diap2;Diaph2,1.179119984
Dirc2,0.405689984
Dlat,0.911023313
Dld,0.714463331
Dlst,0.732983336
Dmxl1,0.859976668
Dnaja1,1.606766805
Dnaja2,1.695933349
Dnajb11,0.867009999
Dnajb6,1.384866656
Dnajc13,0.96667667
Dnajc3,0.902073329
Dnajc5,0.874016677
Dnajc8,1.194706658
Dnajc9,1.537666686
Dnase1l1,2.218100202
Dnase2;Dnase2a,0.590813296
Dnm2,0.985913317
Dnm3,0
Dock2,1.274366694
Dock8,1.075250031
Dok1,0.285796668
Dok2,0.297053337
Dok3,0
Dpep2,1.240800011
Dpm1,0
Dpp7,0.53813335
Dpysl2,0.747443333
Dram1,0.532083314
Dram2,0.31446669
Drg1,0
Dscr3,0.822479987
Dstyk,0
Dtx3l,0.114196671
Dusp22,0.152876706
Dusp3,0.378333334
Dync1h1,0.852506683
Dync1i2,0
Dync1li1,0.470836658
Dynll2,0.616263331
E030010N08Rik,0
Ear2;Ear3,0
Ece1,1.102313296
Echs1,1.164863305
Edil3,0.808200015
Eea1,1.202033368
Eef1a1,1.283133307
Eef1b,0.209506673
Eef1d,0.423433348
Eef1g,0.94533335
Eef2,1.064366669
Efhd2,0.811293309
Ehbp1l1,0
Ehd1,0.991100012
Ehd4,1.082216641
Eif1a;Eif1ax,0
Eif2s1,0.714233308
Eif2s3x;Eif2s3y,0.742336687
Eif3d,0.862166665
Eif3l,0
Eif4a1;Eif4a2,1.054893344
Eif4e,1.078570031
Eif4e2,0.18051666
Eif4enif1,0.535473332
Eif4g1,0.96392999
Eif4g2,1.407933347
Eif4h,0.97062002
Eif5a;Eif5a2,1.074499969
Eif6,0.955749984
Elavl1,1.784900097
Elmo1,1.328466685
Elmo2,0.320930004
Elovl1,0.355133334
Emb,2.170233425
Emd,0.811469981
Emp2,2.076900391
Emr1,2.088499948
Endod1,0.594766666
Eno1,0.730966646
Ensa,0.348233343
Entpd1,1.95233303
Eny2,0.875919978
Epb4.1;Epb41,2.036533057
Epb4.1l1;Epb41l1,1.178866691
Epb41l2,2.282499984
Ephx1,0.826019997
Eppk1,1.144343305
Eps15l1,1.326926658
Erap1,0.228223333
Erbb2ip,1.971332962
Ergic1,0.874533354
Erh,0.537009985
Erlin1,0.915546695
Erlin2,0.728433336
Erp29,0.840903348
Erp44,0.940723341
Esd,0.610383353
Esyt1,1.133286672
Esyt2,0
Etf1,1.052399985
Etfa,0.754659989
Etfb,0.842966686
Etfdh,0
Evi2a,0.874566689
Evi2b,2.442166992
Evl,0.995199999
Ewsr1,0.625130008
Ezr,1.790666456
F13a1,0
Faf2,0.521473312
Fam108b1,0.564656703
FAM120A,0.978499826
Fam125a,0.78947332
Fam129a,0
Fam129b,1.401456647
Fam168a,0.683669999
Fam177a1,0
Fam195b,0
Fam21,1.156376653
Fam26f,1.322670008
Fam3c,0.894010019
Fam45a,0.647126668
Fam49b,1.375133315
Fam50a,0.763046706
Fam54b,0.663920005
Far1,1.08960334
Farsa,2.437800382
Farsb,1.784600103
Fbln2,0.274683337
Fcer1g,2.133233275
Fcgr1,2.915133092
Fcgr2;Fcgr2b,1.061679966
Fcgr3,1.283699986
Fcgr3P08508,2.084533326
Fcgrt,1.488736613
Fcrls,0.705283325
Fdps,0
Fen1,1.023626682
Fermt3,1.311966705
Fes,1.5305799
Fh,0.787113305
Fis1,0.657060011
Fkbp15,0.833273323
Fkbp2,0.891409997
Fkbp8,0.414266653
Flcn,0.701589975
Flna,1.044470031
Flnc,0.055353314
Flot1,0.511523311
Flot2,0.549450033
Fmnl1,1.369333307
Fn1,0.63029333
Fnbp1,0.427166643
Folr2,1.992800025
Frmd8,1.238546679
FRRS1,0.910553339
Fth1,0.528429977
Ftl1;Ftl2,0.615586651
Fuca1,0.516900014
Fuca2,0.668566664
Fus;Taf15,0.505833363
Fxyd5,0.462833341
Fyb,1.771533539
Fyco1,0
Fyn,1.809933173
G3bp1,1.816866351
G3bp2,1.090810018
G6pdx,0.753513342
Gaa,0.55662673
Gabarap;Gabarapl1,0.369500008
Gabarapl2,1.7433336
Gak,0.166336709
Galc,0.514326661
Galns,0.505403306
Galnt2,1.047886669
Galnt7,0.936143336
Ganab,1.03257334
Gapdh;Gm7293;Gm6316,1.424933379
Gas7,1.316000009
Gba,0.560343317
Gbp5,0.65635999
Gclm,0
Gdap2,0.967163351
Gdi2,0.833323355
Ggh,0.508316681
Ggta1,0.123936626
Gla,0.633966664
Glb1,0.501393376
Glb1l,0
Glg1,0.719106658
Glipr1,1.51330002
Glipr2,1.439556664
Gls,0.346800009
Glt25d1,1.603766593
Gltp,0
Glud1,0.80967667
Gm10036;Rpl11;Gm10288;Gm5093;Gm7589,2.341700102
Gm10119;Rps3a;Gm9000,2.004699901
Gm10126;Rps29,0
Gm10320;Sec61b,0.672126649
Gm13646;Hist1h2bf;Hist1h2bb;Hist1h2bk;Hist1h2bp,1.948733045
Gm14548,2.570099784
Gm16477;Rpl7a;Gm5619;Rpl7a-ps10;Rpl7a-ps5;Rpl7a-ps3;Gm17415;Gm4978;Gm5459,2.290533079
Gm17352;Rps18;Gm5321,2.334666454
Gm20390;Nme2;Nme1,0.727109998
Gm20425;Srprb,1.078379989
Gm20431;Ube2v1;Gm8325;Ube2v2;Gm5830;Gm10088,0.76436666
Gm20489;Il2rg,0.75663331
Gm20498;Synj2bp,0.555503364
Gm2382;Mthfs,0.244330013
Gm2a,0.66164668
Gm5431;OTTMUSG00000005540;9930111J21Rik,0.92989664
Gm5576;Eif4a3,0
Gm6377,0
Gm8394;Psma5,0.67027997
Gm9755;Tufm,0.818716668
Gmip,1.169966694
Gmpr2,0.544150022
Gna13,2.237000266
Gnai2;Gnai1,1.438633313
Gnai3,1.571166716
Gnaq,2.629200225
Gnas,2.538533421
Gnb1,1.136429954
Gnb2,1.493100006
Gnb2l1,1.448793316
Gnb4,0.64830001
Gng12,1.365629978
Gng2,1.058673299
Gng5,0.981099996
Gns,0.556853261
Golga1,0.155506684
Golga4,0.925719993
Golga5,0.456299981
Golga7,1.890366605
Golgb1,0
Gosr1,0.327099999
Got2,0.93549999
Gp49a,0.561900037
Gpatch8,1.018726673
Gpd2,0.310406656
Gpi;Gm1840,1.079833305
Gpld1,0
Gpnmb,0.605276624
Gpr107,0.70453666
Gpr108,0.577713333
Gpr137b,0.22787333
Gpsm3,1.960999976
Gpx1,0.85856663
Gpx4,0.726830016
Grap2,0
Grb2,2.028166812
Grn,0.444776679
Grpel1,0.339933316
Gsdmdc1,0
Gsn,1.017736655
Gstk1,0.299713339
Gstm1,1.053476664
Gtf2f1,0.774150027
Gtf2f2,0.827886668
Gusb,0.370499945
Gvin1,0.469803338
H1f0,0.297496685
H2-Aa,0.346873346
H2-Ab1,0.853799992
H2-D1,0.346800009
H2-D1;H2-L,2.14180004
H2-DMa,0.539430002
H2-DMb1;H2-DMb2,0.703816661
H2-K1,1.781066639
H2-T23,1.527466683
H2afx,1.94693359
H2afy,1.758066596
H2afz;H2afv,1.643766817
Hadha,0.856973331
Hadhb,0.84235002
Hba;Hba-a1,3.014967724
Hbxip,0.897513325
Hck,1.128899976
Hcls1,1.19575
Hdac1;Gm10093,0.870876628
Hdhd2;Ier3ip1,0.510653309
Heatr7a,0.464209933
Hexa,0.675250061
Hexb,0.738896637
Hfe,1.37721333
Hgs,1.419299949
Hgsnat,0.507623337
Hint2,0
Hist1h1a,1.275050005
Hist1h1b,1.520100031
Hist1h1c,2.118066419
Hist1h1d,2.056899924
Hist1h1e,1.997167127
Hist1h2af;Hist1h2ab;Hist3h2a;Hist1h2ah,1.507199776
Hist1h3b;Hist1h3a,2.618232792
Hist1h4a,2.157899734
Hist2h2aa1;Hist1h2al;Hist2h2ac,1.780633563
Hist3h2bb;Hist3h2ba,0.262706663
Hk1,0.605583291
Hk2,0
Hm13;H13,0.682370013
Hmga1,1.569999935
Hmga2,0.707016675
Hmgb1,1.037509993
Hmgb2,1.401500008
Hmgcl,0.773500024
Hmgn2,0
Hmha1,0.8759133
Hmox1,0.978626669
Hmox2,0.758659999
Hn1l,0
Hnrnpa0,1.535266654
Hnrnpa1,2.240599683
Hnrnpa2b1,2.157333705
Hnrnpa3;Gm6793;Gm8991,1.840933324
Hnrnpab,1.943033103
Hnrnpc,1.567200064
Hnrnpd,1.161133252
Hnrnpf,1.569500208
Hnrnph1,1.278583306
Hnrnpk;Gm7964,1.004496671
Hnrnpl,1.904833497
Hnrnpm,1.326700028
Hnrnpu,1.224533345
Hp1bp3,1.707133127
Hpcal1;Hpca,0.89030001
Hps1,0
Hps3,0.281553326
Hps4,0.473030006
Hpse,0.543563312
Hras1,1.36203333
Hs2st1,0.421366639
Hsd17b10,0.73736666
Hsd17b11,0.723263333
Hsd17b12,0.913410002
Hsd17b4,0.83802337
Hsdl1,0.278223304
Hsp90aa1,0.99661666
Hsp90ab1,0.954416643
Hsp90b1,0.92988997
Hspa4,0.678300024
Hspa5,1.003709976
Hspa8,1.254633326
Hspa9,0.744086661
Hspd1,0.886410008
Hspe1,0.998819999
Hspg2,0
Htatip2,0.806616703
Hvcn1,1.183833321
Hyal1,0
Hyou1,0.895783323
Icam1,2.464766318
Idh1,1.62944337
Idh2,0.770149977
Idh3a,0.632726664
Idh3b,0.820313355
Idh3g,0
Ids,0.75289998
Idua,0.632933334
Ifi204,1.519333314
Ifi205b,0.565966709
Ifi30,0.518933302
Ifit1,0
Ifitm2,0.812049988
Ifitm3,1.505340198
Ifngr1,1.250533361
Igbp1,0
Igf2r,1.136566688
Igsf6,2.586400591
Igtp,0.747543301
Il16,0.752836669
Ilk,1.055353318
Ilvbl,0
Inf2,1.641899793
Inpp5d,1.163843323
Iqgap1,1.3656
Iqgap2,0
Irf2bp2,0.914493351
Irgm1,0.66365666
Irgm2,1.089260026
Isg15,0.913969979
Isg20,0.446466675
Ist1,0.910966651
Itch,0.763216669
Itga4,2.271833154
Itga5,2.357033672
Itga6,2.24190027
Itgam,2.791932678
Itgav,2.094200094
Itgax,1.809963605
Itgb1,2.160733547
Itgb2,2.563166576
Itgb5,1.74729994
Itm2b,1.065856654
Itsn2,1.295620006
Jak1,2.23636668
Jup,0.539576678
Kat2a,0
Kcnab2,0
Kcnk6,0.194030008
Kcnn4,0.764533331
Kctd12,0.651159984
Kdelr1,0.830159983
Kdm1a,0
Kdm3b,0
Khdrbs1,1.671333092
Khsrp,1.119016669
Kiaa0196,0.926586667
Kiaa0226;1700021K19Rik,0.780869993
Kiaa0907,0
Kiaa1033,1.1722
Kiaa1598,0
Kiaa1671,0.439033338
Kif13b,0.229863324
Kif16b,1.4169
Kif1a,0.334666649
Kif5b,0.812259961
Kpnb1,1.215653313
Kras,1.479299985
Krt28;Krt24,2.928267074
Krt76,4.745866626
Lamp1,0.66159665
Lamtor1,0.648969992
Lamtor2,0.619640004
Lamtor3,0.607969995
Lancl1,0
Laptm5,0.491243326
Lasp1,0.993956662
Lat2,3.56093341
Lbr,1.380333351
Lcp1,0.825583346
Lcp2,1.241366659
Ldha,0.773703344
Ldlr,1.335700031
Lgals1,0.845443325
Lgals3,0.849516669
Lgals3bp,0.535959981
Lgals3bpF6VRP8,0.456146626
Lgals8,0.845819994
Lgals9,0.775480026
Lgmn,0.591583284
Lig1,0.702930009
Lilrb3,2.412700359
Lilrb4,1.873799968
Lima1,0.513966657
Limd2,0.677949996
Lims1,0.473366659
Lin7c;Lin7a,0.179506663
Lipa,0.639363322
Lman1,0.776176659
Lman2,0.885640015
Lmbrd1,0.589769958
Lmbrd2,0.505019989
Lmna,1.673866859
Lmnb1,1.419999964
Lmnb2,1.522400063
Lnpep,1.341966628
Loh12cr1,0.738570036
Lpcat2,0.349599997
Lpl,1.075263318
Lrp1,1.804966635
Lrp1b,1.966199885
Lrpap1,1.032710038
Lrpprc,0
Lrrc25,2.596399819
Lrrc57,1.028413346
Lrrc59,1.079426684
Lrrc8c,0.4114
Lsp1,1.585299999
Lss,1.154573309
Ly86,0.51690336
Ly9,2.622700738
Lyn,2.38630014
Lypla2,0
Lyz1,0.293383375
Lyz2,0.529250016
M6pr,1.41866664
Macf1,0.925816663
Magt1,0.726566669
Man1a1,0.828190023
Man1c1,0.362999986
Man2a1,1.06904336
Man2b1,0.51225996
Man2b2,0.568283309
Manba,0.538199989
ManbaQ8K2I4,0.387150066
Manf,0.778846682
Map1s,0.7044667
Map2k1;Map2k2,4.805242322
Map2k4,0
Map3k11,0.910096656
Map4;Mtap4,1.704100141
Mapre1,0.289596666
Marc2;Mosc2,0.257816678
Marcks,0.451063346
Marcksl1,0.459819942
Mark2,1.383833297
Matr3,1.661533543
Mavs,0
Mboat7,0
Mbp,0.962839927
Mcl1,0.990630005
Mcoln1,0.331819991
Mcoln2,0.712233347
Mdh1,0.700950012
Mdh2,0.888349987
Me2,0
Mef2bnb;2310045N01Rik,0
Mesdc2,0
Mettl3,0
Mettl7a1;Mettl7a2-Higd1c;Ubie;Mettl7a2;Mettl7a3;AB099516,0.460853338
Mfge8,0.894056674
Mfsd1,0.543993399
Mfsd12,0.40498667
Mfsd7,0
Mfsd8,0.527650022
Mgat1,0
Mgp,1.469580222
Mia3,0.617466657
Mic1,0.596963334
Milr1,2.966432859
Mki67,1.555800179
Mlec,0.924183353
Mlst8,0
Mob1b;Mob1a,0.171999992
Mob4,1.488346441
Mon1a,0.641973342
Mon1b,0.634143338
Mpdu1,0
Mpeg1,0.536313323
Mpo,0.679193346
Mpp1,1.119196702
Mrc1,1.306899989
Ms4a4c,1.145043294
Msn,2.084333236
Msr1,1.923333348
Msra,0
Mtatp8;mt-Atp8,1.080446677
Mtch2,0.297393351
Mtco1;mt-Co1,0.637266664
Mtco2;mt-Co2,1.279873392
Mtdh,0.83499666
Mtss1,1.384466671
Mvp,0.842329995
Myadm,2.373700208
Myh14,1.129809998
Myh9,1.69798657
Myl12a;Myl12b;Myl9,1.911399817
Myl3;Myl1,1.56450013
Myl6,1.831333405
Myo1c,2.577400007
Myo1e,1.370933264
Myo1f,1.410166674
Myo1g,2.811400579
Myo5a,1.567399953
Myof,1.972333367
Naaa,0.436890015
Naca,0.794406652
Naga,0.691906708
Naglu,0.531433316
Nagpa,1.002696708
Nap1l1,0.361833327
Napa,0.958506664
Napg,0.877106665
Napsa,0.520646701
Nceh1,0.910136673
Ncf1,0.628256672
Ncf2,0.292476679
Nckap1l,1.881766601
Ncl,2.683266807
Ncoa3,0.41095998
Ncor1,1.207866665
Ncstn,0.71715667
Nde1;Ndel1,0.219633344
Ndufa10,0
Ndufa4,0.886270009
Ndufa6,0.405366648
Ndufc2,0
Ndufs1,0.854190028
Ndufs2,0
Ndufs3,0
Ndufv1,0
Ndufv2,0
Neb,1.786393254
Necap2,0.352833351
Nek2,1.548950092
Neu1,0.53289667
Nfam1,2.125800154
Nfatc2ip,0.317803344
Nhlrc3,0.55431667
Nhp2l1,0
Nhsl2,0.352466664
Nin,1.066013361
Nipsnap3b,0.513096684
Nisch,0.445333331
Nmt1;Nmt2,0
Nob1,1.136090005
Nomo1,0.507100007
Nono,1.163999985
Npc1,0.500713296
Npc2,0.565163332
Npm1,2.077566842
Nptn,1.712033434
Nrp1,2.093700088
Nrp2,1.705233297
Nsdhl,0.916149984
Nsf,0.93775666
Nucb1,0.877809983
Nucb2,0.979030012
Nudc,0.957643358
Numa1,1.35183338
Numb,1.381700018
Numbl,0.356929944
Nup54,1.316000129
Nup62,1.47296671
Nutf2,0
Oas1a;Oas1g,0.870316662
Oas3,1.819166856
Oat,0.90979996
Ogdh,0.693603308
ORF3,0
Osbp,0.20808333
Osbpl11,0.566490014
Osbpl1a,0.71093666
Osbpl6,0
Osbpl8,1.163023357
Osbpl9,0.56058334
Ostf1,0.707653327
Ostm1,0.579400009
Otud7a,0
Oxct1,0.657313293
P2rx4,0.344449945
P2rx7,1.549900046
P33monox;4833439L19Rik,0
P4hb,0.993709998
Pa2g4,1.310983291
Pabpc1;Pabpc6,1.426733363
Paics,0.711766694
Paip1,0
Pak2,0.387333315
Parp1,1.600866634
Parp14,0
Pcbp1,1.132663308
Pcbp2;Pcbp3,0.900500012
Pcdhb2,0
Pck2,0.831533316
Pcmt1,0.683756679
Pcna,1.847366919
Pcnp,0.568776627
Pcyox1,0.719746653
Pcyox1l,0.379366686
Pcyt1a,1.477066682
Pdcd6,0.820700019
Pdcd6ip,0.941543335
Pdha1,0.85371668
Pdhb,0.554403353
Pdia3,0.846703329
Pdia4,0.937590006
Pdia6,0.978220034
Pdlim2,0.981613338
Pdlim5,0.937189986
Pdxk,0
Pef1,0.968249943
Pepd,0.206780006
Pex14,0.623516679
Pf4,0.855286703
Pfkp,0.99802
Pfn1,0.999723359
Pgam1,0.781673344
Pgd,0.786940003
Pgk1,0.781633357
Pgrmc1,0.729146607
Pgrmc2,0.72942667
Phb,0.979203347
Phb2,1.019040018
Pi4k2a,0.720736675
Pi4ka,0
Pid1,1.480040245
Pigs,0.833886663
Pigt,0.52874336
Pik3ap1,1.061260023
Pik3c3,0.748180015
Pik3cg,0.192486664
Pik3r4,0.886453322
Pion,0.420243322
Pip4k2a,1.250000023
Pip4k2b,0
Pitpna,0.592296673
Pkm2,1.072499976
Pkn1,0.991613308
Pla2g15,0.518919932
Pla2g7,0.5837033
Plau,1.159089996
Plaur,1.843367176
Plbd1,0.228763343
Plbd2,0.498720035
Pld1,1.052306646
Pld3,0.718266649
Pld4,0.732120011
Plec,1.080929982
Plek,1.505046641
Plekha1,0.137573309
Plekho1,2.023596303
Plekho2,0.763649991
Plod1,0.653200001
Plod3,0
Plscr3,0
Pltp,0.673493301
Plxdc1,1.882566466
Plxna1,2.274266766
Plxnb2,2.132999647
Pnp,0.799780011
Pon2,0.607790015
Pon3,0.835079987
Por,0.832893362
Ppia,1.168303348
Ppib,0.987356678
Ppm1h,0.91651665
Ppp1ca,0.719186686
Ppp1cb,0.75821001
Ppp1cc,1.025266649
Ppp1r12a,1.900299981
Ppp1r12c,1.69703338
Ppp1r18,0.800606671
Ppp2ca;Ppp2cb,1.027883365
Ppp2r1a,0.961103309
Ppt1,0.545093408
Ppt2,0.349453379
Pqbp1,0
Prcc,1.337499972
Prcp,0.525180011
Prdx1,1.435973338
Prdx2,1.052526677
Prdx3,0.569093295
Prdx4,1.064709987
Prdx5,0.762896669
Prkacb,0.658150007
Prkar1a,0.527513312
Prkca,1.550799954
Prkcd,2.303933698
Prkcsh,0.77803999
Prpf19,1.478733504
Prpf31,0.553609999
Prpf40a,1.145786699
Prrc2c,1.426913472
Psap,0.31696338
Psen1,0.878283342
Psen2,0.617513344
Psma1,0.933600003
Psma4,0.194733338
Psma6,0.537816655
Psma7,0.794343332
Psmb1,0.41940001
Psmb10,0.968996648
Psmb3;Gm5356,1.130646681
Psmb8,0.601026659
Psme1,0
Pstpip1,0.392399987
Ptbp1,2.372799666
Ptgs1,0
Ptp4a2,1.261000065
ptplad1,0.320083339
Ptpn1,0.784346681
Ptpn23,1.064580034
Ptpn6,0.961923352
Ptpn9,0.761466667
Ptpra,2.347200092
Ptprc,2.9762673
Ptpre,0.95342667
Ptprj,1.771300044
Ptpro,1.431833666
Ptrh2,0.805519992
Pttg1ip,0.716653324
Pxk,1.852166453
Pzp;A2m,0.549393301
Qki,0.402266666
Rab10,1.223599972
Rab11a,0.344100002
Rab11b;Rab11a,1.219066662
Rab11fip5,1.062093321
Rab12,1.079533335
Rab13,0.943233371
Rab14,1.892566692
Rab18,0.929593325
Rab19,0.26441002
Rab1A;Rab1,0.917289995
Rab1b,0.858960016
Rab21,1.030710005
Rab22a,1.523966727
Rab23,0
Rab27a,0.468306671
Rab2a,1.024443349
Rab31,1.239600016
Rab32,0.617053367
Rab33b,0
Rab34,0.342266678
Rab35,1.023659975
Rab39a,0.99004003
Rab3a,0.330350002
Rab3d,0.712673314
Rab4b,1.023720007
Rab5a,1.132000016
Rab5b,0.965043327
Rab5c,1.038583348
Rab6a,1.028296665
Rab6a;Rab6b,0.894146681
Rab7a,1.030099988
Rab7b;5430435G22Rik,0.606853343
Rab7l1,0.591353343
Rab8a,1.155233388
Rab8b,1.1928
Rab9a;Rab9,0.795893327
Rabl3,0.633713325
Rac1;Rac3,1.695233291
Rac2,1.466033332
Rala,1.302599968
Ralb,1.543466636
Raly;C130057N11Rik,1.526700275
Ran;1700009N14Rik,1.277933322
Ranbp1,0
Ranbp2,0
Rangap1,0
Rap1a,0.950603326
Rap1b,1.175233312
Rap2a,0.869246651
Rap2b,1.146366679
Rap2c,1.308399979
Rasa3,1.312100253
Rasa4,0.636776642
Rassf4,0
Raver1,0.68184332
Rbbp4,0.784933588
Rbm25,1.107449989
Rbm3,1.236263344
Rbmx;Rbmxl1,1.035303159
Rbp4,0.482513342
Rcc1,0.510099998
Rcn2,0.709653327
Rcor1,0.514096658
Rdh11,1.084273366
Rdh14,0
Rdx,1.375933346
Reep5,0.684166676
Rer1,0.57255666
Rftn1,2.253233197
Rgs1,0
Rgs10,0.238553325
Rgs18,0.782076666
Rgs19,1.562533354
Rgs3,0
Rhbdf2,0.49803333
Rhoa;Rhoc,1.444999983
Rhob,0.282466674
Rhog,1.093223346
Ripk1,1.604533064
Ripk3,1.312646666
Rit1,0
Rnaset2,0.588330017
Rnd1,0
Rnd3,1.039360025
Rnf128,0.628979984
Rnf13,0.640870009
Rnf213,1.093033325
Rnh1,0.887303362
Rock1,0.891220008
Rock2,0.903533335
Rod1;Ptbp3,0
Ros1,0
Rp2,1.288500008
Rpl10;Rpl10l,1.809433647
Rpl10a,1.84193338
Rpl12;Rpl12-ps1,1.997200042
Rpl13;Rpl13-ps3,1.938333433
Rpl14,1.872633337
Rpl17,2.10140004
Rpl21;Gm9104;Rpl21-ps6,0
Rpl22,2.06563357
Rpl22l1,1.215833317
Rpl23,1.93690026
Rpl23a-ps3;Rpl23a;Gm10335;Gm3940,2.270666384
Rpl24,0.506666658
Rpl26,2.867699712
Rpl27,0
Rpl28,1.722433472
Rpl3,1.525606669
Rpl30,2.068466435
Rpl31;Gm16382,2.19013374
Rpl34;Gm2178,1.051533128
Rpl35a,2.305833588
Rpl37a,1.541399988
Rpl38,1.676233487
Rpl4,0.452999982
Rpl5,2.595333773
Rpl6;Gm5428,1.064296646
Rpl8,0
Rpl9;Rpl9-ps6,1.83006671
Rplp0;Gm8730,2.196099853
Rplp1;Gm10073,2.179866351
Rplp2,2.418466851
Rpn1,1.018423327
Rpn2,1.068533315
Rprd2,1.355473326
Rps10,1.649033368
Rps11,2.164666418
Rps12,2.30419993
Rps13,2.26146701
Rps14,2.130333053
Rps15,1.424866681
Rps15a,1.723066681
Rps16,2.406766788
Rps17,1.818066649
Rps19;Rps19-ps13;Rps19-ps1,1.987833283
Rps2;Rps2-ps6;Gm6576;Rps2-ps5;Gm8225,2.469432994
Rps20,1.824833248
Rps21,1.408760004
Rps23,2.982066398
Rps25,1.922566497
Rps26,0.627899992
Rps27a,0.984366662
Rps27l,2.164166607
Rps28,2.114799537
Rps3,2.156433424
Rps4x;Rps4y2,2.53493349
Rps5,1.883066731
Rps6,0.241520005
Rps6ka1,1.050633342
Rps7;Gm9493,1.61709998
Rps8;Gm11353,0.28012334
Rps9,1.058533329
Rpsa-ps10;Rpsa,1.594879952
Rptor,0.003101899
Rraga;Rragb,0.697850017
Rragc,0.545439973
Rras,1.032400001
Rrbp1,1.071349981
Rsad2,0.702316692
Rsu1,1.588766626
Rtn1,0.690339978
Rtn4,1.158066668
Rtn4Q8BH78;Q8BHF5;Q99P72-1,1.054753368
Rufy1,1.556499944
Rufy2,0.903043327
Ruvbl1,0.233006677
S100a10,2.798200194
S100a11;Gm7665,1.477100019
S100a13,0
S100a4,1.624466776
S100a6,1.001736678
Saa3,3.245566456
Sacm1l,0.830236647
Samm50,0.636569988
Sar1a,0.212126667
Sarnp,1.028843302
Sash3,0.506480019
Scamp1,0.965003322
Scamp2,1.245833303
Scamp3,0.765813336
Scamp4,1.022450019
Scarb1,1.104583328
Scarb2,0.458913301
Scfd1,0.806220015
Scp2,0.802043358
Scpep1,0.647250018
Scyl2,1.397199999
Scyl2Q8CFE4,1.125180022
Sdc4,0.940466698
Sdcbp,1.257699985
Sdf2l1,0.743919975
Sdha,0.914463312
Sdhb,0.871503323
Sec11a,0.770663336
Sec13,0.50693332
Sec16a,0
Sec22b,0.976973381
Sec23b,1.211193298
Sec24b,1.185233395
Sec24c,0.229613329
Sec31a,0
Sec61a1;Sec61a2,1.334379994
Sec62,0.441699988
Sel1l,0.507433334
Sema4d,0.6443
Serbp1,1.944666491
Serinc1,0.736506715
Serinc3,0.925226678
Serpinb6a;Serpinb6,0.624430012
Serpinc1,0.441366672
Sf1,1.011689986
Sf3b4,0
Sfn,0.418933367
Sfpq,1.874133592
Sft2d2,0
Sfxn1,0.361399997
Sfxn3,0.343666673
Sgpl1,0.793130001
Sh3bgrl3,0.771153323
Sh3bp1,0.90395999
Sh3bp2,0
Sh3gl1,1.018923338
Sh3glb1,1.069109989
Sh3glb2,0.600799992
Sh3kbp1,0.621583349
Sh3pxd2b,1.311333285
Shmt2,1.114350025
Siae,0.557009984
Sidt2,0.745029999
Siglec1,1.785599849
Sigmar1,2.211400171
Sipa1,0
Sirpa,1.601266803
SirpaE0CYM8;P97797;E9QPT7;P97797-3,2.128200192
Sirt2,2.098933467
Skap2,1.376399977
Skp1,0.938489987
Slc11a1,0.459119993
Slc12a4,1.397599943
Slc12a6,0
Slc12a7,1.495166632
Slc12a9,0.467513285
Slc15a3,0.325426632
Slc15a4,0.400320009
Slc16a1,1.673899849
Slc16a10,0.441426667
Slc16a3,2.427633105
Slc17a5,0.333526633
Slc1a5,1.737133248
Slc23a2,2.659967012
Slc25a1,1.131476665
Slc25a10,0
Slc25a11,1.084869986
Slc25a12,0.83720002
Slc25a13,0.915540005
Slc25a24,0.970470031
Slc25a3,0.772633344
Slc25a4,0.956013337
Slc25a5,1.080160026
Slc26a11,0.336519988
Slc29a3,0.490693298
Slc2a1,3.104233448
Slc2a6,0.525196672
Slc2a8,0.525170069
Slc30a7,0.284216654
Slc31a1,0.489340043
Slc36a1,0
Slc37a2,0.543489994
Slc38a2,1.204830041
Slc38a7,0.401046674
Slc38a9,0.442039961
Slc3a2,2.704033288
Slc43a2,1.457066642
Slc44a2,1.829566526
Slc46a3,0.121130032
Slc48a1,0
Slc4a2,2.890166293
Slc4a7,1.446200025
Slc6a6,1.70849996
Slc7a1,0
Slc7a5,1.669866499
Slc7a8,2.088900301
Slc9a6,2.128833757
Slc9a9,1.154800002
Slco4a1,1.826533338
Smap1,1.261943332
Smap2,1.704816979
Smarca5,1.544533329
Smarcc2,0
Smc1a,0.394433338
Smc2,0
Smpd1,0.839240013
Smpdl3a,0.4919533
Smpdl3b,1.053883338
Snap23,1.821366628
Snap29,0.416203274
Snapin,0.256020014
Snd1,1.493089991
Snf8,0.192239992
Snrpa;Gm5145,0.115126631
Snrpc,0.469466689
Snrpd3,0.886650004
Snrpn;Snrpb,1.076833336
Sntb2,1.387000056
Snx1,1.332246643
Snx11,0.609290011
Snx12,1.551033334
Snx16,1.500999968
Snx17,1.321203342
Snx2,0.998876664
Snx20,0
Snx27,1.66589999
Snx29,0.750566676
Snx3,1.809999772
Snx30,0.462600009
Snx4,1.705466849
Snx5,0.921290003
Snx6,0.924066655
Snx8,2.449032846
Sod1,0.568196653
Sod2,0.508776685
Spag7,0.428503353
Spcs2,1.065329997
Spcs3,0.923976659
Spe39,1.279933324
Specc1,1.225033325
Spg20,1.007076662
Spg21,0.917536669
Sphk2,0.938783342
Spn,2.112399694
Spns1,0.575166675
Sppl2a,0.524189982
Spryd7;6330409N04Rik,1.247366668
Sptbn1,0.719346637
Sptlc2,0.37896665
Sqrdl,0.752710009
Sqstm1,0.881249989
Sri,0.881123325
Srp14,0.53503334
Srp19,0
Srp54;Srp54c,0.821319993
Srp68,1.502499994
Srp9,1.13663337
Srsf3;Gm12355,1.292133537
Ssr1,1.024349987
Ssr3,0.495099981
Ssr4,1.04146
Ssrp1,0.46335999
St13,1.062100033
St3gal1,0
Stab1,1.010563303
Stam,0.325309992
Stam2,0.510266665
Stambpl1,0
Stard3,0.781693329
Stard3nl,0.706886653
Stat1,1.234170005
Steap3,2.189700094
Stk11ip,0.451620018
Stk24;Mst4;2610018G03Rik;Stk25,1.957467001
Stk3,0
Stk38,0.646900008
Stmn1,0.290063345
Stmn2,0
Stom,0.608296684
Strn,0.50486669
Sts,0.459670006
Stt3a,1.039550005
Stx11,1.147166698
Stx12,1.005536692
Stx16,0
Stx17,1.001283359
Stx2,1.568666663
Stx3,1.040289993
Stx4,2.347132977
Stx5;Stx5a,0
Stx6,0.750533347
Stx7,0.816713335
Stx8,0.617206668
Stxbp1,1.716499983
Stxbp2,1.740066702
Stxbp3,2.259933268
Stxbp5,1.117336683
Sub1,0.769023333
Sucla2,0.32237333
Suclg1,1.000443355
Sugp1,0.587999975
Sumo2;Sumo3,1.215870033
Sun2,1.565033255
Surf4,0.532219997
Swap70,0
Syk,0.828980018
Syncrip,2.064766356
Syngr1,0.580053328
Syngr2,0.527493347
Synrg,1.107580014
Sypl1;Sypl,0.806586658
Tagln2,1.098733344
Taok3,1.744866494
Tap1,0.870300003
Tap2,0.811283334
Tapbp,0.872989984
Tardbp,1.747733439
Tbc1d22a,0
Tbc1d2b,0
Tbc1d5,0.791339994
Tbl1x,0.151319991
Tbxas1,0
Tceb1,0.559849992
Tceb2,0.357733319
Tcirg1,0.503046688
Tcof1,0.162606688
Tcp1,0.244326677
Tdrd7,0
Tecpr1,0
Tecr,0.825366676
Tes,0.63544666
Tex264,0
Tfe3,0.862743335
Tfrc,1.507899985
Tgfbi,0.692966492
Tgm2,0
Themis2,0.766696684
Thrap3,1.000120006
Timm44,0.914456644
Timm50,0.664023331
Timm9,0
Tkt,1.056246664
Tln1,1.489666606
Tlr13,0.533946678
Tlr2,1.57120001
Tlr3,0.423003338
Tlr7,0.439639964
Tlr8,0.721736674
Tlr9,0.407826677
Tm7sf3,0.583906618
Tm9sf1,1.014676685
Tm9sf2,0.923543361
Tm9sf3,0.91436669
Tm9sf4,0.821719983
Tmco1,0.82800667
Tmed10,0.928986655
Tmed2,0.890489996
Tmed4,0.987103352
Tmed5,0.712319986
Tmed7,0.805920023
Tmed9,0.852753334
Tmem104,0.42047337
Tmem106a,0.524863388
Tmem106b,0.656163329
Tmem106c,0.181763333
Tmem109,0.650360019
Tmem120a,0.148326626
Tmem144,0
Tmem14c,0
Tmem165,0.256820007
Tmem173,0.488433311
Tmem175,0.567283341
Tmem176b,0
Tmem179b,0.645043333
Tmem192,0.411356717
Tmem206,1.431199952
Tmem30a,0.75801332
Tmem43,1.142926691
Tmem55a,0.558569978
Tmem55b,0.449153378
Tmem63a,0.636460007
Tmem87a,0.879340004
Tmem9b,0.973066642
Tmpo,1.66663332
Tmsb4x,0.74271997
Tmx1,0.886059981
Tmx2,0
Tmx3,0.723623344
Tmx4,1.057466651
Tnf,0
Tnfaip2,0
Tnfaip8l2,0.275903335
Tnfrsf23,0.170783346
Tns1,0
Tollip,0.658393324
Tom1,0.769080006
Tomm40,0.743526683
Tomm70a,0
Top2a,1.908066446
Tor1aip1,1.207663324
Tor1aip2,0.262540009
Tor3a,0.471093315
Tpcn1,1.209366645
Tpcn2,0.604369986
Tpd52,0.760089999
Tpd52l2,0.930149991
Tpi1,1.206220029
Tpm3-rs7;Tpm3,1.240016666
Tpm4,0.861653356
Tpp1,0.657779981
Tpt1,0.326376677
Trafd1,0.444833332
Trem2,1.03140001
Trex1,0.93764
Trim14,0.892076675
Trim21,1.995699453
Trim28,0
Trpv2,2.698633381
Tsen34,0.3143
Tsg101,0.668016642
Tspan14,0.403700002
Tspan31,0.323339998
Ttc35,0.59211667
Ttk,0
Ttn,1.213533361
Ttyh2,0
Ttyh3,0.192763325
Tuba1a;Tuba3a,0.396400009
Tuba1b,1.00856332
Tuba4a,0.391766678
Tubb4b,1.139633332
Tubb5,1.342806678
Txn,0.929233342
Txndc12,0.667660018
Txndc5,0.750143314
Tyrobp,1.845800021
Uba1,0
Ubap2,0
Ubap2l,1.349399989
Ube2d3;Ube2d2,1.121400239
Ube2l3,0.828149994
Ube2n,0.952643341
Ubl3,1.331439848
Ubl5;Gm2001,0.198450004
Ubtf,1.188133263
Ubxn4,0
Ufd1l,0.747176669
Ufm1,0.394299996
Uggt1,0.86871001
Ugt1a7c,1.096896667
Unc13d,0.661440028
Unc93b1,0.511483364
Upf1,0.591610006
Uqcrb,1.02394667
Uqcrc1,0.862256686
Uqcrc2,0.865010022
Uqcrfs1,0.276780018
Uqcrh,0.818566666
Usmg5,1.437066668
Usp12;Usp46,0
Uvrag,0.918689998
Vac14,0.587666668
Vamp3,0.830333343
Vamp4,0.85283334
Vamp7,0.626430012
Vamp8,0.590080001
Vapa,0.731916668
Vapb,0.722693336
Vasp,1.024156661
Vat1,0.893093326
Vcp,0.80889333
Vdac1,0.601339999
Vdac2,0.535756651
Vdac3,0.525793319
Vim,1.392400041
Vmp1,0
Vps11,1.039466668
Vps13c,0.796609984
Vps13d,0
Vps16,0.98099334
Vps18,1.002590014
Vps26a,1.41866667
Vps26b,1.679966894
Vps28,0.616919951
Vps29,1.285099982
Vps33a,1.001493335
Vps33b,1.230413349
Vps35,1.470699982
Vps37b,0.541910049
Vps37c,0.669629999
Vps39,1.002253333
Vps41,1.055633345
Vps45,1.356199956
Vps4a,0.87956666
Vps4b,1.046330001
Vta1,0.746563332
Vti1a,0.859026638
Vti1b,0.567753286
Vwa5a,0.607856687
Was,1.073133312
Wasf2,0.974889964
Wash1,0.957136648
Wbp11,1.168286683
Wdfy2,1.714833334
Wdfy4,1.742366782
Wdr1,1.257866656
Wdr41,0
Wdr45l,0.706183362
Wdr5,1.105933343
Wdr7,0.722583341
Wdr70,0.398966661
Wdr81,0.82385999
Wdr91,0.760869997
Wipf1,1.152999969
Wnk1,1.187266648
Wwp1,0.575766684
Wwp2,0.786336685
Yipf3,0
Ykt6,1.023933358
Ythdf3;Ythdf1,0.73860017
Ywhab,0.796139996
Ywhae,0.983206672
Ywhag,1.09268
Ywhah,0.980936675
Ywhaq,1.068226671
Ywhaz,1.026373348
Zadh2,0.440763345
Zc3hav1,1.223733309
Zdhhc20,0.168903333
Zfand2a,0.325206658
Zfyve19,1.168666451
Zmiz1,0
Zmpste24,0.741629996
Znf703,0.65102334
Znrf1,1.075300114
Znrf2,0
Zyx,0
0,1.098019997
Q9DAM7,0.575786661
Q8K039;D3YWR8,0.723303341
Q9D735,0
Q9D6W8,0
Q9D0B6;Q9D0B6-2,0.987510004
Q8CAQ8-3;Q3TZK4;E9PVS5,1.709266666
Q7M6Y3-5;Q7M6Y3-3;Q7M6Y3-2,1.314233326
Q3TYS2,0.533463297
P17047-3,0
Q5F285,0.748866521
Q9CRC6,0
J3QNB0;Q9CQE8,0
Q6PIU9,0
Q9ES97-3,0.362813246
Q8VE96;D6RHL1,2.516066848
Q8C708,0.614939988
Q8K1J5,2.142900022
P10404,0.193956671
Q8R239;Q8R239-3;Q8R239-2,0