Gene names,2015 Dill LPS Late
Septin-2,1.059709971
Septin-7,0.907940021
Septin-8,1.196416608
Septin-9,0.87678002
Septin-11,0.783909995
15 kDa selenoprotein,0.624059988
0610031J06Rik,1.753333372
1700112E06Rik,1.18136998
2310022A10Rik,0.774933352
2410018M08Rik;Chchd2,0
2810422J05Rik;Uba52;Ubc;Ubb,0.499913303
4632428N05Rik,0.453403396
4732456N10Rik,0.953366938
5031439G07Rik,0.916966671
9030624J02Rik,0.654070003
Aak1,0.379429973
Abca3,1.139933339
Abcb11,0.736783313
Abcb1b,0.420683322
Abcb6,1.18390002
Abcc1,0.53273333
Abcc3,0
Abcd1,0.619293395
Abcd3,0.373096686
Abcd4,1.20273332
Abcf2,0
Abhd12,0.867080018
Abi1,0.901230002
Abr,0.416163306
Acaa1a;Acaa1b,0.675319953
Acaa2,0.722420001
Acadl,1.436603311
Acadm,0.614589989
Acads,0.691443317
Acadvl,0
Acap2,0.701446674
Acat1,0.702076668
Acbd3,0
Aco2,0.689833339
Acot13,0.312289992
Acox3,0.612653333
Acp2,1.397433347
Acp5,1.143756658
Acsl1,0.237986674
Acsl4,1.026396691
Acsl5,1.164029962
Actc1;Acta1;Acta2;Actg2,1.235299992
Actn1,0.557443282
Actn4,1.104116666
Actr1a;Actr1b,0.340133349
Actr2,0.990519995
Actr3,1.191899994
Adam10,0.829539989
Adam17,0.785420031
Adam8,0.478706689
Adam9,0.521249982
Adcy7,0
Aga,0.597256722
Agfg1,1.333533331
Agfg2,1.047546681
Agps,0.686569995
Agtrap,1.372366676
Ahnak,0.874909986
Ahnak2,1.797600232
Ahnak2F7CVJ5,1.371833357
Ahnak2E9PYB0,1.66306663
Ahsa1,1.101896694
AI607873,1.599666842
Aif1,0.326183339
Aifm1,0.710856659
Aifm2,0.997263344
Akap10,0.875156662
Akr1a1,0
Akr1b1;Akr1b3,0.944199998
Alcam,0.543150001
Aldh2,0.699923325
Aldh3a2,1.038723346
Aldh3b1,0.769859992
Aldh9a1,0.793856676
Aldoa;Aldoart1,1.059659985
Alg2,0
Alg5,0.37393331
Alox5,0.635283312
Alox5ap,0.886756659
Alyref;Alyref2;Refbp2,0.619626635
Ankfy1,1.165366701
Ankh,0.905493329
Anln,2.202613748
Ano6,0
Anp32b,0.269173315
Anpep,0.52395001
Antxr2,0.501183331
Anxa1,1.005143311
Anxa11,0.78815999
Anxa2,0.980200013
Anxa3,0.623769982
Anxa4,1.039156649
Anxa5,2.294066333
Anxa6,0.808486663
Anxa6P14824,0.775313311
Anxa7,1.350926774
Aoah,1.234353318
Ap1b1,1.376633319
Ap1g1,0.808516687
Ap1g2,0.746449996
Ap1m1,1.315766638
Ap1s1,1.391633334
Ap1s2,1.613599976
Ap2a1,0.999516639
Ap2a2,1.195933336
Ap2b1,1.229800004
Ap2m1,0.758866669
Ap2s1,1.556600012
Ap3b1,1.186133299
Ap3d1,0.871020017
Ap3m1,1.471300003
Ap3s1,1.397833359
Ap3s2,1.082176661
Aph1a,0.690763348
Apmap,1.235599966
Apoa1bp,0.275659992
Apob,1.06718667
Apobr,0.782549989
Apoe,0.861446686
App,0.574246637
Apr3;0610007C21Rik,0.956133305
Araf,1.429533278
Arap1,0.935863327
Arf3;Arf1,1.280199944
Arf5,0.347300013
Arf6,1.739100204
Arfgap1,0.673663358
Arfgap2,1.074499997
Arfgap3,0.99484002
Arfip1,1.691099847
Arfrp1,0.643560049
Arhgap1,0.857876662
Arhgap17,0.921376652
Arhgap22,0.854133361
Arhgap25,1.054370005
Arhgap30,0.969033327
Arhgap4,0.224566666
Arhgap9,0.887569984
Arhgdia,1.031496682
Arhgdib,1.345413309
Arhgef1,1.154766684
Arhgef10l,0.547699997
Arhgef2,0.808886664
Arhgef7,0.978
Arl1,0.707623343
Arl4c,0.591869983
Arl6ip5,1.19180005
Arl8a,1.439033371
Arl8b,1.940366438
Armc10,0
Arpc1b,0.986596676
Arpc2,1.039333335
Arpc3,1.445199988
Arpc4,1.141199962
Arpc5,0.949530011
Arpp19,2.081099786
Arrb2,0.943896706
Arsa,0.83487997
Arsb,0.971366633
Arsk,0.814973343
Asah1,1.619333375
Asah2,0.852836662
Asph,1.135556678
Ass1,0.311827984
Atad1,0
Atl3,1.091333337
Atp11a,1.192166683
Atp11c,0.813693328
Atp13a2,1.534566721
Atp1a1,0.633196667
Atp1a3,0.57208666
Atp1b3,0.654806688
Atp2a2,1.084533328
Atp2a3,0.495299991
Atp2b1,0.665900017
Atp2b3,0.540473333
Atp5a1,0.895163322
Atp5b,0.872259998
Atp5c1,0.864526657
Atp5d,0.377299972
Atp5f1,0.826559974
Atp5h;Gm10250,0.776826701
Atp5i;Atp5k,0.819713358
Atp5j,1.122233355
Atp5j2,0.501659986
Atp5l;Atp5l-ps1,0.629423331
Atp5o,0.896180008
Atp6ap1,1.011830037
Atp6ap2,1.156953328
Atp6v0a1,0.841989992
Atp6v0c,1.190916686
Atp6v0d1,1.200266642
Atp6v0d2,1.459000118
Atp6v1a,1.711033263
Atp6v1b2,1.647099993
Atp6v1c1,1.291533308
Atp6v1d,1.290433325
Atp6v1e1,1.970333247
Atp6v1f,1.281800006
Atp6v1g1,2.594400393
Atp6v1h,1.503799974
Atp8a1,1.25500004
Atp9b,0.831080007
Atpif1,1.105516677
Atrn,0.65747998
Atxn2l,0
Aup1,0.203119999
B2m,0.925693315
B4galnt1,0.717660014
B4galt1,0.623313345
Bag3,0.957333347
Bak1,0.263073329
Banf1,0.706579972
Basp1,1.210466708
Bax,0.833223343
BC017647,0.295593296
Bcap31,1.096066644
Bcat2,0
Bcl7b,0
Bclaf1,0.673826684
Becn1,0.962039984
Bin1,0
Bin2,0.969420006
Birc6,0.325806658
Blmh,0.652553309
Blnk,1.38123333
Bloc1s1,1.717266717
Blvrb,0.899399997
Bmp2k,0.292663331
Bola1,0
Bphl,1.10939666
Bri3,1.24953327
Bst1,0
Bst2,0.810016686
Btd,0.324376662
Btf3,1.32229999
C1qa,0
C1qb,1.196073382
C1qbp,0.569843331
C1qc,1.332999968
C3,0.393566655
C3ar1,0.441403332
C5ar1,0.584743339
Cab39,0.525833326
Cacybp,0
Cadm1,0.829326652
Calm1;Calml3,0.385566662
Calr,1.119533322
Calu,0.744453322
Camk2d,0.311160007
Canx,0.982996675
Cap1,1.016516685
Capg,1.452886689
Capn1,0.85980335
Capn2,1.174933367
Capn5,0.538933341
Capns1,1.105156675
Caprin1,0.911199987
Capza1,1.016173327
Capza2,1.005843334
Capzb,1.033693325
Cast,0.920773325
Cat,0.496526725
Cbl,1.35575332
Cbr2,0.866703335
Cbx3,1.059763375
Cc2d1b,1.32963
Ccdc115,1.305366671
Ccdc12,2.339700355
Ccdc22,0.988443331
Ccdc50,0.235230021
Ccdc53,0.589936668
Ccdc75,1.423890014
Ccdc88b,0
Ccdc93,0.965030015
Cct2,1.148989995
Cct3,1.097966665
Cct4,0.42293334
Cct5,0.963876689
Cct6a,0.744300021
Cct7,1.018316626
Cct8,0.505193317
Ccz1,1.309866634
Cd14,0.62729335
Cd151,0.310930046
Cd180,1.355999982
Cd1d1;Cd1d2,1.140400017
Cd200r1,0.251423357
Cd2ap,0.40646668
Cd300a,0.390416642
Cd300lh;OTTMUSG00000003606,0.47651667
Cd36,0.97540335
Cd44,0.641806651
Cd47,0.635900008
Cd48,0.481686662
Cd5l,0.582613313
Cd63,0.700746678
Cd68,1.242170011
Cd72,0.583183305
Cd74,0.906900021
Cd81,0.315896642
Cd82,0.50359669
Cd84,0.521106667
Cd9,0.670006628
Cd93,0.757910028
Cdc42,1.194600001
Cdc42bpb,0
Cdc42ep4,0.912113337
Cdca3,1.356659834
Cdipt,1.251666534
Cdk1,1.022189997
Cdk14,0.368199992
Cdk18,1.019983325
Cdk2;Cdk3,1.2229333
Cdk5,1.89029972
Cdkn1b,0
Cds2,0.610913329
Cenpe,0.177773341
Cep41;Tsga14,0.431466663
Cep55,1.07175998
Cers2;Lass2,0.643466676
Cfl1,1.098400009
Cfp,0.576243315
Chchd3,0.782256661
Chd4,0.440366674
Chd6,0
Chi3l3,0.867783351
Chi3l4,0.555576684
Chmp1a,1.290966679
Chmp2a,1.535566417
Chmp2b,1.650933362
Chmp4b,1.555666697
Chmp5,1.221789971
Chmp6,1.53933334
Cisd1,0
Cisd2,0.89213
Ckap4,1.081096666
Ckap5,0.629193338
Ckb,1.138333365
Clcn5,0.550100001
Clcn6,0
Clcn7,1.14303336
Clec10a;Mgl1;Mgl2,0.471956631
Clec12a,0.619953346
Clec4e,0
Clic1,1.171219994
Clint1,0.896313312
Cln3,1.551399968
Cln5,1.481533317
Clptm1,1.187066682
Clrn2,0.482376667
Clta,1.50370002
Cltc,1.119599963
Cmtm6,0.326650003
Cndp2,1.375066644
Cnn2,1.543100116
Cnot4,0
Cnp,1.1595
Cnpy2,0.789066659
Cnpy3,0.858293325
Cnpy4,0.265930069
Col4a4,0.434253337
Col6a3,0
Colec12,0.212956667
Commd1,1.140896645
Commd10,1.056406678
Commd2,1.001580015
Commd3,0.972876654
Commd4,0.861956661
Commd5,0.889686672
Commd6,1.07510332
Commd7,0.944030015
Commd8,1.034553357
Commd9,1.18722334
Comt,1.668710102
Copb2,0.969096698
Coro1a,1.136400021
Coro1c,0.592576693
Coro2a,0.518929991
Cotl1,1.14428332
Cox4i1,0.82504335
Cox4nb,1.078623325
Cox5a,0.929459994
Cox5b,1.008893313
Cox6a1,0.820813336
Cox6b1,0.990459993
Cox6c,0.876113357
Cox7a2,0.827836655
Cox7c,0.908243311
Cpd,1.453900022
Cpne1,0.671246693
Cpne2,0.898503347
Cpne3,0.41144338
Cpq,1.079666651
Cpt1a,0.564656678
Cr1l,0.396236625
Creg1,0.924083354
Crip1,1.718833152
Cs,0.573356623
Csf1,0.378600002
Csf1r,0.346380017
Csf2ra,0
Csk,0
Csnk1a1,0.761979986
Csnk1g3,0.187856677
Csnk2b,0
Csrp1,1.351533352
Cst3,0.397749949
Cst7,0
Cstb,1.58639998
Ctbs,1.003389968
Ctdsp1,1.24405003
Ctnnd1,0.827440018
Ctsa,0.997843333
Ctsb,0.97052003
Ctsc,0.976083313
Ctsd,1.474866676
Ctsf,1.538166641
Ctsh,1.143750002
Ctsl1,1.059686708
Ctso,0
Ctss,0.840586661
Ctsz,0.838233332
Cttnbp2nl,1.002183327
Cuedc2,0.43692338
Cux1,0
Cwc15,1.654133314
Cxcl2,0
Cyb5a;Cyb5,1.220000002
Cyb5b,1.027020012
Cyb5r3,0.928426646
Cyba,0.877743351
Cybb,0.997253343
Cyc1,0
Cyfip1,0.791836673
Cyp20a1,1.02807336
D10Jhu81e,0.493339996
D10Wsu52e,0.902199974
D17Wsu104e,1.162683326
Dab2,1.022760025
Dad1,1.256166636
Daglb,1.063896662
Dars,0
Dbi,0.680560026
Dbr1,1.081189989
Ddb1,0
Ddost,1.42823333
Ddrgk1,0
Ddx1,0.55117001
Ddx39b;Ddx39a,1.348733315
Ddx3x;D1Pas1,0.837766657
Ddx3y,0.309036693
Ddx42,1.060753328
Ddx46,1.200923294
Ddx5,1.067920005
Decr1,0
Degs1,0.78541
Dek,0.643966658
Dennd1a,1.018000014
Dhrs1,1.165916626
Dhrs4,0.216973326
Dhrs7,1.192766651
Dhx15,0.893506653
Dhx9,0
Diap1;Diaph1,0.753540025
Diap2;Diaph2,1.093836675
Dirc2,1.267966683
Dlat,0.372506678
Dld,0.737906679
Dlst,0.791750018
Dmxl1,1.145866664
Dnaja1,0.827549992
Dnaja2,0.911066624
Dnajb11,1.161399969
Dnajb6,0.895613332
Dnajc13,0.412823372
Dnajc3,1.152596631
Dnajc5,1.225823311
Dnajc8,1.076573319
Dnajc9,0.813903314
Dnase1l1,0.47218674
Dnase2;Dnase2a,1.070123356
Dnm2,0.806600013
Dnm3,0
Dock2,0.80090669
Dock8,0.364133328
Dok1,0.902733321
Dok2,1.037466611
Dok3,1.004366699
Dpep2,0
Dpm1,1.216600032
Dpp7,1.015980018
Dpysl2,1.069350014
Dram1,1.241700006
Dram2,0.847699967
Drg1,0
Dscr3,1.10988334
Dstyk,0.839733321
Dtx3l,0.252386666
Dusp22,0.500260001
Dusp3,0
Dync1h1,0.811023337
Dync1i2,0
Dync1li1,2.004033148
Dynll2,0.814686646
E030010N08Rik,0.119280036
Ear2;Ear3,1.062676717
Ece1,0.528603334
Echs1,0.995090008
Edil3,1.106030017
Eea1,0.317210047
Eef1a1,1.236333324
Eef1b,0.336066683
Eef1d,0.375366654
Eef1g,0.949006707
Eef2,0.951033324
Efhd2,0.74373333
Ehbp1l1,0
Ehd1,1.638000038
Ehd4,1.422016643
Eif1a;Eif1ax,1.245066894
Eif2s1,0.751923329
Eif2s3x;Eif2s3y,0.575866658
Eif3d,0.729369967
Eif3l,0
Eif4a1;Eif4a2,1.112926684
Eif4e,1.003179986
Eif4e2,0
Eif4enif1,0.333239992
Eif4g1,0.959860001
Eif4g2,0.838286658
Eif4h,1.550899992
Eif5a;Eif5a2,1.025159997
Eif6,1.080316661
Elavl1,0.877699987
Elmo1,0.953629994
Elmo2,0
Elovl1,0.914200011
Emb,0.902056686
Emd,1.640200123
Emp2,0.858486642
Emr1,0.626239986
Endod1,1.021566667
Eno1,1.057670008
Ensa,0.635333325
Entpd1,0.595149985
Eny2,1.10475332
Epb4.1;Epb41,0.834833328
Epb4.1l1;Epb41l1,0.148936627
Epb41l2,0.624403362
Ephx1,1.271283317
Eppk1,0.404233334
Eps15l1,0.989626665
Erap1,0.495266656
Erbb2ip,0.177306668
Ergic1,0.499199986
Erh,0.904766668
Erlin1,1.255466682
Erlin2,1.044276654
Erp29,1.197866647
Erp44,0.990523343
Esd,1.25196668
Esyt1,0.826413347
Esyt2,0
Etf1,1.414266649
Etfa,0.544789978
Etfb,0.766926663
Etfdh,0
Evi2a,0.190136669
Evi2b,0.586936698
Evl,1.244860014
Ewsr1,1.015606688
Ezr,0.929870001
F13a1,0
Faf2,0.545366654
Fam108b1,1.412533304
FAM120A,0
Fam125a,0.850166681
Fam129a,1.391709939
Fam129b,0.993226663
Fam168a,0.684136641
Fam177a1,0.134910028
Fam195b,0
Fam21,0.793343356
Fam26f,2.158966891
Fam3c,0.58933333
Fam45a,0.836533347
Fam49b,0.971099996
Fam50a,1.89656672
Fam54b,1.122600004
Far1,0.226700016
Farsa,0.385699986
Farsb,0.326629959
Fbln2,0
Fcer1g,0.962886655
Fcgr1,0.765029989
Fcgr2;Fcgr2b,0.547593295
Fcgr3,0.18854334
Fcgr3P08508,0.673809996
Fcgrt,0.211690011
Fcrls,0.78736668
Fdps,0.666616669
Fen1,1.555766901
Fermt3,1.059859989
Fes,1.400359995
Fh,1.017126705
Fis1,1.455033358
Fkbp15,0.836283332
Fkbp2,1.210000004
Fkbp8,1.165506671
Flcn,0.288023334
Flna,1.176300016
Flnc,0.558410003
Flot1,1.341299961
Flot2,1.219266705
Fmnl1,1.009706654
Fn1,0.739180006
Fnbp1,1.693700183
Folr2,0.688596675
Frmd8,0.223749986
FRRS1,0.745936675
Fth1,0.539706629
Ftl1;Ftl2,0.558550025
Fuca1,0.677823336
Fuca2,0.756033357
Fus;Taf15,0
Fxyd5,0
Fyb,1.008156659
Fyco1,0
Fyn,0.979656649
G3bp1,0.946836691
G3bp2,0.800473312
G6pdx,0.930376673
Gaa,1.012520033
Gabarap;Gabarapl1,0
Gabarapl2,0.790093345
Gak,1.225383332
Galc,1.179466625
Galns,0.545580012
Galnt2,0.825996655
Galnt7,0.561956654
Ganab,1.009283365
Gapdh;Gm7293;Gm6316,1.166799968
Gas7,1.007663126
Gba,1.350933321
Gbp5,4.212433396
Gclm,0
Gdap2,1.622566535
Gdi2,0.877500023
Ggh,0.782503335
Ggta1,0.268376657
Gla,0.794380006
Glb1,0.989773318
Glb1l,0
Glg1,0.463126707
Glipr1,0.907053319
Glipr2,0.816406691
Gls,0.419520018
Glt25d1,0.378466681
Gltp,1.339599941
Glud1,0.742596668
Gm10036;Rpl11;Gm10288;Gm5093;Gm7589,1.127400013
Gm10119;Rps3a;Gm9000,0.921106648
Gm10126;Rps29,0
Gm10320;Sec61b,1.321333315
Gm13646;Hist1h2bf;Hist1h2bb;Hist1h2bk;Hist1h2bp,1.38592995
Gm14548,0.588466614
Gm16477;Rpl7a;Gm5619;Rpl7a-ps10;Rpl7a-ps5;Rpl7a-ps3;Gm17415;Gm4978;Gm5459,0.505430006
Gm17352;Rps18;Gm5321,1.017999989
Gm20390;Nme2;Nme1,0.970626672
Gm20425;Srprb,1.163536675
Gm20431;Ube2v1;Gm8325;Ube2v2;Gm5830;Gm10088,1.712533097
Gm20489;Il2rg,0
Gm20498;Synj2bp,0.495186668
Gm2382;Mthfs,0.206960005
Gm2a,0.997100034
Gm5431;OTTMUSG00000005540;9930111J21Rik,0.641356644
Gm5576;Eif4a3,0
Gm6377,2.602566581
Gm8394;Psma5,0.338499984
Gm9755;Tufm,1.187166686
Gmip,0.563769996
Gmpr2,0.99820331
Gna13,0.817836676
Gnai2;Gnai1,1.405033298
Gnai3,0.996836652
Gnaq,0.891403355
Gnas,0.910609979
Gnb1,1.690500043
Gnb2,1.414899963
Gnb2l1,0.822146667
Gnb4,0.409666662
Gng12,1.518666632
Gng2,1.058230019
Gng5,1.248533325
Gns,0.950730014
Golga1,0
Golga4,0.784033337
Golga5,0
Golga7,1.35421018
Golgb1,0.578383341
Gosr1,0.167323339
Got2,0.767983338
Gp49a,0
Gpatch8,0.509166645
Gpd2,0.478333348
Gpi;Gm1840,1.215900004
Gpld1,0
Gpnmb,1.20667334
Gpr107,0.445096632
Gpr108,0
Gpr137b,0.80254336
Gpsm3,0
Gpx1,0.901399994
Gpx4,1.146713366
Grap2,0.655466703
Grb2,0.661169986
Grn,0.664236643
Grpel1,0.255406651
Gsdmdc1,0.837200024
Gsn,0.987976685
Gstk1,0
Gstm1,0.972820009
Gtf2f1,1.075653346
Gtf2f2,1.713899861
Gusb,0.275729966
Gvin1,0.745053333
H1f0,0.743970022
H2-Aa,0.397346684
H2-Ab1,0.710523332
H2-D1,0.218653341
H2-D1;H2-L,0.661073321
H2-DMa,0.507156652
H2-DMb1;H2-DMb2,0.85448666
H2-K1,0.682753323
H2-T23,0.245293345
H2afx,1.26206003
H2afy,0.72100667
H2afz;H2afv,1.110549987
Hadha,0.901880012
Hadhb,0.751496678
Hba;Hba-a1,0
Hbxip,1.751566507
Hck,1.188966655
Hcls1,1.138863325
Hdac1;Gm10093,0.997206656
Hdhd2;Ier3ip1,0.52662335
Heatr7a,1.120949967
Hexa,0.848053345
Hexb,0.899656644
Hfe,0.194396682
Hgs,0.580143348
Hgsnat,1.161879993
Hint2,0.298663347
Hist1h1a,0.935893311
Hist1h1b,0.921503363
Hist1h1c,0.902229975
Hist1h1d,0.952363349
Hist1h1e,1.017853328
Hist1h2af;Hist1h2ab;Hist3h2a;Hist1h2ah,1.074370023
Hist1h3b;Hist1h3a,0.946626688
Hist1h4a,1.069156674
Hist2h2aa1;Hist1h2al;Hist2h2ac,2.2554995
Hist3h2bb;Hist3h2ba,0
Hk1,0.772426665
Hk2,0.486666677
Hm13;H13,1.036096655
Hmga1,0
Hmga2,0
Hmgb1,1.461299977
Hmgb2,1.251666653
Hmgcl,0.524236675
Hmgn2,0.262910014
Hmha1,0.831606676
Hmox1,1.082443305
Hmox2,1.146200011
Hn1l,1.878433234
Hnrnpa0,1.165500009
Hnrnpa1,1.169446662
Hnrnpa2b1,0.993496642
Hnrnpa3;Gm6793;Gm8991,0.944933335
Hnrnpab,0.750043332
Hnrnpc,1.051466676
Hnrnpd,0.913299993
Hnrnpf,1.970566432
Hnrnph1,1.559799969
Hnrnpk;Gm7964,1.313933334
Hnrnpl,1.058140034
Hnrnpm,1.433766701
Hnrnpu,1.03985334
Hp1bp3,0.903773322
Hpcal1;Hpca,0.78317665
Hps1,0.940926644
Hps3,0
Hps4,1.183666684
Hpse,1.118736666
Hras1,0.867950005
Hs2st1,0.301206665
Hsd17b10,0.876793334
Hsd17b11,1.114830023
Hsd17b12,1.155666609
Hsd17b4,0.635536667
Hsdl1,0.274906667
Hsp90aa1,1.0507
Hsp90ab1,0.956883326
Hsp90b1,1.110433316
Hspa4,1.093373309
Hspa5,1.277100015
Hspa8,0.980009982
Hspa9,0.769273341
Hspd1,0.910299975
Hspe1,0.766330009
Hspg2,0.283516656
Htatip2,1.302300012
Hvcn1,0.540243321
Hyal1,0.62397666
Hyou1,1.192066673
Icam1,1.487433357
Idh1,0.388299996
Idh2,0.745483333
Idh3a,0.689183339
Idh3b,0.884510002
Idh3g,0
Ids,0.993633349
Idua,1.090800007
Ifi204,1.161606658
Ifi205b,1.607400022
Ifi30,0.890249988
Ifit1,2.142666894
Ifitm2,0.492523291
Ifitm3,0.780539994
Ifngr1,0
Igbp1,0.488300005
Igf2r,0.72276998
Igsf6,0.914056663
Igtp,1.079586641
Il16,1.123033343
Ilk,0.105406629
Ilvbl,1.057866685
Inf2,0.831943363
Inpp5d,1.080339964
Iqgap1,0.905913331
Iqgap2,0
Irf2bp2,1.754633362
Irgm1,1.17489997
Irgm2,1.035899977
Isg15,1.112199982
Isg20,1.500366649
Ist1,1.387566707
Itch,1.690133276
Itga4,0.622623303
Itga5,0.564493369
Itga6,0.506723278
Itgam,0.500006642
Itgav,0.639223327
Itgax,0
Itgb1,0.508633367
Itgb2,0.467533347
Itgb5,0.641983334
Itm2b,0.62009333
Itsn2,0.811969993
Jak1,0.828419971
Jup,0.127243291
Kat2a,0.185966672
Kcnab2,0
Kcnk6,1.18243334
Kcnn4,1.306933356
Kctd12,1.08314666
Kdelr1,0.251183325
Kdm1a,0
Kdm3b,0
Khdrbs1,0.470050009
Khsrp,1.095479987
Kiaa0196,0.627373281
Kiaa0226;1700021K19Rik,1.185833325
Kiaa0907,1.139786669
Kiaa1033,0.519693313
Kiaa1598,0.593616665
Kiaa1671,0.307623324
Kif13b,0.585333356
Kif16b,0.61295999
Kif1a,1.861633571
Kif5b,0.852310005
Kpnb1,1.209033284
Kras,1.188499986
Krt28;Krt24,11.04126523
Krt76,6.876032017
Lamp1,1.431200006
Lamtor1,2.119500273
Lamtor2,1.599566628
Lamtor3,1.458566605
Lancl1,0
Laptm5,0.642893324
Lasp1,1.455483372
Lat2,0
Lbr,0.965889995
Lcp1,1.10020336
Lcp2,1.633299703
Ldha,0.886300017
Ldlr,0.975506656
Lgals1,1.136066688
Lgals3,1.949566867
Lgals3bp,0.803010004
Lgals3bpF6VRP8,0.804326666
Lgals8,1.464666626
Lgals9,1.571100046
Lgmn,0.962023325
Lig1,1.272166638
Lilrb3,0.536513379
Lilrb4,0.523536668
Lima1,0.951696691
Limd2,1.337366637
Lims1,0.619633307
Lin7c;Lin7a,0.385533331
Lipa,1.026096667
Lman1,1.143886658
Lman2,1.021333339
Lmbrd1,1.042940008
Lmbrd2,0.931266663
Lmna,1.061179998
Lmnb1,1.15812666
Lmnb2,1.159896642
Lnpep,0.437480049
Loh12cr1,1.33123333
Lpcat2,0
Lpl,0.70826001
Lrp1,0.412779987
Lrp1b,0.354853318
Lrpap1,1.234933308
Lrpprc,0.715290001
Lrrc25,0.60445001
Lrrc57,1.310456655
Lrrc59,1.022980006
Lrrc8c,0
Lsp1,1.308333338
Lss,1.009973338
Ly86,1.747133518
Ly9,0.606323318
Lyn,0.556359984
Lypla2,0
Lyz1,0.885613314
Lyz2,0.9498667
M6pr,0.564016664
Macf1,0.784953329
Magt1,1.386033314
Man1a1,0.745840004
Man1c1,0.518973338
Man2a1,0.327399988
Man2b1,0.83366001
Man2b2,1.013653349
Manba,0.880260002
ManbaQ8K2I4,0.245713342
Manf,0.974759985
Map1s,0.53471665
Map2k1;Map2k2,1.450899835
Map2k4,0.21179335
Map3k11,0.751719999
Map4;Mtap4,0.969376686
Mapre1,1.271499998
Marc2;Mosc2,0.825719983
Marcks,0.972826677
Marcksl1,1.680233101
Mark2,0.329200009
Matr3,1.185476693
Mavs,0.196940004
Mboat7,0
Mbp,1.10960668
Mcl1,0.335533341
Mcoln1,0.647913311
Mcoln2,1.296466828
Mdh1,1.013503334
Mdh2,0.603316594
Me2,0
Mef2bnb;2310045N01Rik,1.092633309
Mesdc2,0.442916668
Mettl3,0.525666681
Mettl7a1;Mettl7a2-Higd1c;Ubie;Mettl7a2;Mettl7a3;AB099516,1.121746686
Mfge8,1.200210019
Mfsd1,1.46910004
Mfsd12,1.093599992
Mfsd7,0.38383333
Mfsd8,1.18136666
Mgat1,0
Mgp,0.383733361
Mia3,1.68789987
Mic1,1.280166653
Milr1,0.402959971
Mki67,1.500433493
Mlec,1.25953338
Mlst8,0.372899999
Mob1b;Mob1a,0.322473327
Mob4,0.768576687
Mon1a,1.335133326
Mon1b,1.322100002
Mpdu1,0.311663331
Mpeg1,0.581886667
Mpo,0.949393338
Mpp1,1.402066664
Mrc1,0.465829956
Ms4a4c,0.438790049
Msn,0.889916684
Msr1,0.373296652
Msra,0
Mtatp8;mt-Atp8,0.451000019
Mtch2,0.693799994
Mtco1;mt-Co1,0.552056684
Mtco2;mt-Co2,1.125533331
Mtdh,0.307073319
Mtss1,1.101273297
Mvp,0.91910999
Myadm,1.276533374
Myh14,0.30437667
Myh9,0.558640072
Myl12a;Myl12b;Myl9,0.841653316
Myl3;Myl1,1.421033357
Myl6,1.08973329
Myo1c,0.418933367
Myo1e,0.659563346
Myo1f,0.922043349
Myo1g,0.579810008
Myo5a,0.865959993
Myof,0.477843319
Naaa,1.209766638
Naca,1.292899985
Naga,1.132336679
Naglu,0.841289991
Nagpa,0.599653333
Nap1l1,0.784343346
Napa,1.028259978
Napg,1.001586675
Napsa,1.965666499
Nceh1,1.202453311
Ncf1,0.73646332
Ncf2,0.357600014
Nckap1l,1.12842998
Ncl,0.699263412
Ncoa3,1.444599836
Ncor1,0.383533313
Ncstn,0.569376671
Nde1;Ndel1,1.37368334
Ndufa10,0
Ndufa4,0.745973334
Ndufa6,0.478400002
Ndufc2,0.418666677
Ndufs1,0.535836678
Ndufs2,0
Ndufs3,0.217920013
Ndufv1,0.262340018
Ndufv2,0
Neb,0.415729968
Necap2,1.280013348
Nek2,0.220023289
Neu1,1.028626701
Nfam1,0.207910006
Nfatc2ip,0.905299978
Nhlrc3,0.629583346
Nhp2l1,0
Nhsl2,1.430233355
Nin,0.659840018
Nipsnap3b,0.211633321
Nisch,0
Nmt1;Nmt2,0
Nob1,1.138690022
Nomo1,0.315096676
Nono,1.418766579
Npc1,1.255133372
Npc2,0.426359968
Npm1,0.940139996
Nptn,0.731199982
Nrp1,0.527966667
Nrp2,0.975836648
Nsdhl,1.189666665
Nsf,0.985589992
Nucb1,0.707926675
Nucb2,0.867856665
Nudc,0.934556654
Numa1,1.105273318
Numb,0.949156668
Numbl,0.701410043
Nup54,0.177149991
Nup62,0.472333347
Nutf2,0.43313333
Oas1a;Oas1g,0.923280034
Oas3,0.820626683
Oat,0.63688336
Ogdh,0.717666667
ORF3,0
Osbp,1.104406671
Osbpl11,1.462100029
Osbpl1a,0.897380011
Osbpl6,0.338586672
Osbpl8,0.903420018
Osbpl9,1.251000031
Ostf1,1.181450029
Ostm1,1.339733332
Otud7a,2.362466265
Oxct1,0.526470005
P2rx4,1.359993315
P2rx7,0.737890014
P33monox;4833439L19Rik,0
P4hb,1.144633301
Pa2g4,0.788943289
Pabpc1;Pabpc6,0.569273337
Paics,0.77839998
Paip1,0
Pak2,0.416533345
Parp1,1.017290011
Parp14,0
Pcbp1,1.262333337
Pcbp2;Pcbp3,0.486833347
Pcdhb2,0.70083343
Pck2,1.128063345
Pcmt1,0
Pcna,1.108633308
Pcnp,2.302733605
Pcyox1,1.332033364
Pcyox1l,0.746199994
Pcyt1a,1.266450019
Pdcd6,0.75086667
Pdcd6ip,1.082540024
Pdha1,0.236180015
Pdhb,0.74551668
Pdia3,1.216133316
Pdia4,1.219266696
Pdia6,1.19073337
Pdlim2,1.430566697
Pdlim5,1.58116667
Pdxk,0.440400008
Pef1,1.147899987
Pepd,0.538206651
Pex14,0
Pf4,1.724653354
Pfkp,1.088000001
Pfn1,1.352566679
Pgam1,1.115123347
Pgd,0.992059993
Pgk1,1.174100002
Pgrmc1,1.005350012
Pgrmc2,1.33333353
Phb,0.893913326
Phb2,0.918999984
Pi4k2a,1.22583334
Pi4ka,1.235233256
Pid1,0.666216671
Pigs,1.399336698
Pigt,0
Pik3ap1,0.879643332
Pik3c3,0.834243319
Pik3cg,0.808333368
Pik3r4,0.731380003
Pion,1.066843283
Pip4k2a,0.962416654
Pip4k2b,0.340133349
Pitpna,1.20403335
Pkm2,0.932556664
Pkn1,1.203499956
Pla2g15,0.506023319
Pla2g7,0.868919991
Plau,0.546036678
Plaur,1.385866667
Plbd1,0.740413338
Plbd2,0.853846659
Pld1,0.754636662
Pld3,0.912843308
Pld4,0.981066674
Plec,1.198666702
Plek,2.024766926
Plekha1,0.116733334
Plekho1,1.026170005
Plekho2,1.4951333
Plod1,0
Plod3,0
Plscr3,0.56480001
Pltp,1.063649959
Plxdc1,0.275323336
Plxna1,0.221780004
Plxnb2,0.5495966
Pnp,1.092129978
Pon2,1.159266681
Pon3,1.237766658
Por,1.209366676
Ppia,1.216133304
Ppib,1.163400012
Ppm1h,0.685149987
Ppp1ca,0.994873287
Ppp1cb,0
Ppp1cc,0.769196679
Ppp1r12a,0.337799987
Ppp1r12c,1.081200007
Ppp1r18,1.251820011
Ppp2ca;Ppp2cb,1.452399831
Ppp2r1a,1.05583665
Ppt1,1.482499983
Ppt2,0.512219951
Pqbp1,0.380866684
Prcc,1.391233304
Prcp,0.840293318
Prdx1,1.209300005
Prdx2,1.187766661
Prdx3,0.731169992
Prdx4,1.054373349
Prdx5,1.065963342
Prkacb,1.167926656
Prkar1a,1.24967004
Prkca,0.405213323
Prkcd,0.553066679
Prkcsh,1.226733299
Prpf19,0.506966667
Prpf31,0.779513347
Prpf40a,0.844863336
Prrc2c,1.217466676
Psap,0.64869332
Psen1,1.273466624
Psen2,1.275676694
Psma1,0.951989955
Psma4,0.239899989
Psma6,0.842556665
Psma7,0.788343336
Psmb1,0.880406686
Psmb10,1.754633494
Psmb3;Gm5356,0.613559995
Psmb8,0.417853341
Psme1,0.766266691
Pstpip1,0.40233334
Ptbp1,1.323343288
Ptgs1,0.949433318
Ptp4a2,1.124513332
ptplad1,0.618186649
Ptpn1,1.164299998
Ptpn23,0.909280001
Ptpn6,1.16886665
Ptpn9,1.594566656
Ptpra,0.804013343
Ptprc,0.500306605
Ptpre,1.197299985
Ptprj,0.706919985
Ptpro,0
Ptrh2,0.678769998
Pttg1ip,1.221393342
Pxk,0.16861333
Pzp;A2m,0.659113342
Qki,1.137823322
Rab10,1.070639975
Rab11a,0
Rab11b;Rab11a,1.046009978
Rab11fip5,1.155069984
Rab12,1.287066647
Rab13,1.05642998
Rab14,0.736656646
Rab18,1.254499997
Rab19,1.359030022
Rab1A;Rab1,1.221533352
Rab1b,1.403800024
Rab21,1.054940011
Rab22a,0.762913334
Rab23,0.22869666
Rab27a,1.609833334
Rab2a,1.21290001
Rab31,1.120833323
Rab32,1.069396702
Rab33b,0.809399997
Rab34,1.325146653
Rab35,1.234686618
Rab39a,1.449933332
Rab3a,0
Rab3d,1.223100036
Rab4b,1.251566684
Rab5a,1.206433377
Rab5b,1.170666662
Rab5c,1.08373332
Rab6a,0.778529991
Rab6a;Rab6b,0.325083336
Rab7a,1.164233304
Rab7b;5430435G22Rik,1.359999997
Rab7l1,1.250866633
Rab8a,1.342999989
Rab8b,1.359899997
Rab9a;Rab9,1.160533319
Rabl3,1.045359989
Rac1;Rac3,1.261166671
Rac2,1.565666633
Rala,0.904450018
Ralb,1.23593332
Raly;C130057N11Rik,1.831933366
Ran;1700009N14Rik,1.071826668
Ranbp1,0
Ranbp2,0
Rangap1,0.229359998
Rap1a,0.865013328
Rap1b,1.731133354
Rap2a,1.050106678
Rap2b,1.176770009
Rap2c,0.884413313
Rasa3,0
Rasa4,0.240489998
Rassf4,1.088700002
Raver1,0.770956723
Rbbp4,0.953076663
Rbm25,0.483196719
Rbm3,1.289966672
Rbmx;Rbmxl1,0.718019986
Rbp4,0.771779977
Rcc1,0.792266645
Rcn2,1.156099996
Rcor1,0.49983666
Rdh11,1.299966686
Rdh14,0.321926673
Rdx,0.845566664
Reep5,0.583603355
Rer1,1.091433335
Rftn1,0.552340049
Rgs1,1.645133346
Rgs10,1.006633369
Rgs18,1.224266658
Rgs19,0.862780042
Rgs3,0
Rhbdf2,0.829499981
Rhoa;Rhoc,1.586299981
Rhob,0.735356671
Rhog,0.999689987
Ripk1,0.669619966
Ripk3,1.052413344
Rit1,0
Rnaset2,0.800483325
Rnd1,2.191099771
Rnd3,0.930833338
Rnf128,0.439899998
Rnf13,0.694989982
Rnf213,0.816313315
Rnh1,1.224499966
Rock1,0.84789999
Rock2,0.977899984
Rod1;Ptbp3,0
Ros1,0
Rp2,1.205733387
Rpl10;Rpl10l,0.690070013
Rpl10a,0.919643313
Rpl12;Rpl12-ps1,1.108176665
Rpl13;Rpl13-ps3,0.914713328
Rpl14,0.341133317
Rpl17,0.685410009
Rpl21;Gm9104;Rpl21-ps6,0.752566651
Rpl22,1.176980023
Rpl22l1,1.885333614
Rpl23,1.029340013
Rpl23a-ps3;Rpl23a;Gm10335;Gm3940,0.769773348
Rpl24,0
Rpl26,0.706523322
Rpl27,0
Rpl28,0.532906666
Rpl3,0.808276672
Rpl30,1.074503333
Rpl31;Gm16382,1.096843307
Rpl34;Gm2178,0.273226647
Rpl35a,0.683136654
Rpl37a,1.297433348
Rpl38,1.585433326
Rpl4,0
Rpl5,0.387186694
Rpl6;Gm5428,1.149493303
Rpl8,0
Rpl9;Rpl9-ps6,0.973906669
Rplp0;Gm8730,0.864560018
Rplp1;Gm10073,0.915706688
Rplp2,0.763219985
Rpn1,1.203466695
Rpn2,1.374366686
Rprd2,1.322816417
Rps10,1.160533346
Rps11,0.650289995
Rps12,0.853786643
Rps13,1.017613329
Rps14,0.844449982
Rps15,0.959903306
Rps15a,0.827743325
Rps16,1.080119994
Rps17,0.992936651
Rps19;Rps19-ps13;Rps19-ps1,1.266666643
Rps2;Rps2-ps6;Gm6576;Rps2-ps5;Gm8225,0.607476666
Rps20,0.931246657
Rps21,1.695466726
Rps23,0.50937999
Rps25,0.998469971
Rps26,0
Rps27a,0.512413317
Rps27l,1.189633381
Rps28,1.431666683
Rps3,0.892626635
Rps4x;Rps4y2,0.637143318
Rps5,0.897343345
Rps6,0.661936676
Rps6ka1,1.203900007
Rps7;Gm9493,1.177799972
Rps8;Gm11353,0.454260005
Rps9,2.583033595
Rpsa-ps10;Rpsa,0.745043335
Rptor,0.027171999
Rraga;Rragb,1.191533326
Rragc,1.427133359
Rras,0.944200016
Rrbp1,0.937713317
Rsad2,1.737699796
Rsu1,0.909266686
Rtn1,0.546943343
Rtn4,1.531566671
Rtn4Q8BH78;Q8BHF5;Q99P72-1,1.014119996
Rufy1,0.430853414
Rufy2,0.284906641
Ruvbl1,0.896266645
S100a10,2.175766699
S100a11;Gm7665,0.823259984
S100a13,0
S100a4,1.393166637
S100a6,1.129633295
Saa3,1.499666512
Sacm1l,1.113933306
Samm50,1.442966636
Sar1a,0.728400003
Sarnp,1.62076669
Sash3,1.364099995
Scamp1,1.187966717
Scamp2,1.110016623
Scamp3,1.305433352
Scamp4,0.544973337
Scarb1,1.191473327
Scarb2,1.420800046
Scfd1,0.999303333
Scp2,1.198033305
Scpep1,0.767936656
Scyl2,0.742560008
Scyl2Q8CFE4,0.505436657
Sdc4,1.367700054
Sdcbp,1.333833306
Sdf2l1,1.255700045
Sdha,0.996353312
Sdhb,1.080823318
Sec11a,1.453766659
Sec13,0
Sec16a,0.572833353
Sec22b,1.350633343
Sec23b,1.08130668
Sec24b,1.300879991
Sec24c,0.430099989
Sec31a,0.689800223
Sec61a1;Sec61a2,1.11793333
Sec62,0.638189987
Sel1l,0
Sema4d,0
Serbp1,0.667163392
Serinc1,0.766150003
Serinc3,0.553720018
Serpinb6a;Serpinb6,1.026933294
Serpinc1,0.353733341
Sf1,0.96476669
Sf3b4,0
Sfn,0
Sfpq,1.180613327
Sft2d2,0
Sfxn1,0.311826666
Sfxn3,0.842349997
Sgpl1,1.166039959
Sh3bgrl3,1.197133325
Sh3bp1,1.016753325
Sh3bp2,0.775420035
Sh3gl1,1.109960029
Sh3glb1,1.003723327
Sh3glb2,0.4855
Sh3kbp1,1.07275665
Sh3pxd2b,0.928199996
Shmt2,0.892890038
Siae,0.633243385
Sidt2,1.207233289
Siglec1,0.814550001
Sigmar1,0.217253331
Sipa1,0.389800001
Sirpa,0
SirpaE0CYM8;P97797;E9QPT7;P97797-3,0.401153426
Sirt2,0.673860024
Skap2,0.932253346
Skp1,0.948546696
Slc11a1,0.990576681
Slc12a4,0.844636655
Slc12a6,0.224193336
Slc12a7,0.911106636
Slc12a9,1.416033325
Slc15a3,1.431900015
Slc15a4,1.078783396
Slc16a1,0
Slc16a10,0
Slc16a3,0.804429997
Slc17a5,0.998699981
Slc1a5,0.167306662
Slc23a2,0.936236645
Slc25a1,0.826543345
Slc25a10,0.664950002
Slc25a11,0.755633319
Slc25a12,1.040129979
Slc25a13,0.903700005
Slc25a24,1.083189987
Slc25a3,0.969233352
Slc25a4,0.805290016
Slc25a5,0.770630017
Slc26a11,1.387053333
Slc29a3,1.568799954
Slc2a1,0.581073269
Slc2a6,1.431466679
Slc2a8,1.347966691
Slc30a7,0.976433295
Slc31a1,1.429633319
Slc36a1,0.507033368
Slc37a2,1.013213346
Slc38a2,0.799523318
Slc38a7,1.045393314
Slc38a9,1.583566673
Slc3a2,0.782220012
Slc43a2,0.47998665
Slc44a2,0.79757667
Slc46a3,0.290276664
Slc48a1,2.262100081
Slc4a2,0.641823278
Slc4a7,0
Slc6a6,0.453543319
Slc7a1,0.269863338
Slc7a5,0
Slc7a8,0.43860667
Slc9a6,0.456093328
Slc9a9,0.697330001
Slco4a1,0.587790007
Smap1,1.221666653
Smap2,1.057196655
Smarca5,0.815166682
Smarcc2,0.457733345
Smc1a,0
Smc2,0
Smpd1,1.591733335
Smpdl3a,0.807439988
Smpdl3b,0.64563662
Snap23,0.956509983
Snap29,1.09960998
Snapin,1.152966652
Snd1,0.948129977
Snf8,0
Snrpa;Gm5145,0.238823333
Snrpc,0.79702998
Snrpd3,1.193433313
Snrpn;Snrpb,0.220846672
Sntb2,0.124803344
Snx1,0.815199996
Snx11,1.417333347
Snx12,0.690130005
Snx16,0.663246677
Snx17,0.30716673
Snx2,0.95700001
Snx20,0
Snx27,0.330376629
Snx29,0.220843335
Snx3,0.607753368
Snx30,0
Snx4,0.65152334
Snx5,0.785883313
Snx6,1.095266606
Snx8,0.288899948
Sod1,0.956646651
Sod2,0.726759979
Spag7,1.566366626
Spcs2,1.387199927
Spcs3,1.123730007
Spe39,0.768069992
Specc1,0.996123372
Spg20,1.106803326
Spg21,1.467599964
Sphk2,1.705666748
Spn,0.490336683
Spns1,1.465799967
Sppl2a,0.958906665
Spryd7;6330409N04Rik,0.494956667
Sptbn1,1.662690045
Sptlc2,0.938769977
Sqrdl,0.808706668
Sqstm1,1.293766692
Sri,1.455416687
Srp14,0.755339992
Srp19,0.243773346
Srp54;Srp54c,0.717899982
Srp68,1.405013143
Srp9,0
Srsf3;Gm12355,0.5189
Ssr1,1.285800002
Ssr3,0.835699992
Ssr4,1.397866648
Ssrp1,0.961666652
St13,0.545153344
St3gal1,0.326733331
Stab1,0.279739928
Stam,0
Stam2,0
Stambpl1,0
Stard3,1.24276662
Stard3nl,1.001833332
Stat1,0.991669991
Steap3,0.623563285
Stk11ip,1.324566685
Stk24;Mst4;2610018G03Rik;Stk25,1.100600026
Stk3,0
Stk38,1.247383338
Stmn1,0
Stmn2,0.632476672
Stom,1.459099987
Strn,0.27196334
Sts,0.310543333
Stt3a,1.21726668
Stx11,0.434433331
Stx12,1.105466678
Stx16,0
Stx17,1.610916977
Stx2,0.743783365
Stx3,1.183333336
Stx4,0.773073341
Stx5;Stx5a,0.240766654
Stx6,0.545653333
Stx7,1.422466718
Stx8,1.78179981
Stxbp1,1.09213336
Stxbp2,0.924320009
Stxbp3,0.596866628
Stxbp5,0.797173346
Sub1,0.723483294
Sucla2,0
Suclg1,0.911450015
Sugp1,0.872273321
Sumo2;Sumo3,1.028823336
Sun2,0.949166644
Surf4,0.966613331
Swap70,0.244530004
Syk,0.704423291
Syncrip,0.667819972
Syngr1,1.145580028
Syngr2,0.744393342
Synrg,0.365966678
Sypl1;Sypl,0.88616999
Tagln2,1.408266721
Taok3,0.158206689
Tap1,1.147699982
Tap2,1.074336662
Tapbp,1.163046673
Tardbp,1.156693317
Tbc1d22a,0
Tbc1d2b,0
Tbc1d5,0.995326676
Tbl1x,0
Tbxas1,0.369800018
Tceb1,0.451566667
Tceb2,0.880500011
Tcirg1,1.401099994
Tcof1,0
Tcp1,0.536159993
Tdrd7,0.286893323
Tecpr1,0.595366685
Tecr,0.820933298
Tes,1.761566521
Tex264,1.31603332
Tfe3,1.099350031
Tfrc,0.527173333
Tgfbi,0
Tgm2,0
Themis2,1.721430209
Thrap3,0.628079963
Timm44,1.188699987
Timm50,0.310256663
Timm9,0.803696651
Tkt,1.501999975
Tln1,0.93070669
Tlr13,1.086506679
Tlr2,0.810613299
Tlr3,1.04633332
Tlr7,1.230379986
Tlr8,1.243053316
Tlr9,1.38634333
Tm7sf3,1.367933295
Tm9sf1,0.167113327
Tm9sf2,0.667750015
Tm9sf3,0.597079989
Tm9sf4,0.488593373
Tmco1,0.828219992
Tmed10,0.89231
Tmed2,1.193766656
Tmed4,1.246666668
Tmed5,0.487846635
Tmed7,0.956913336
Tmed9,0.932789994
Tmem104,0.989166672
Tmem106a,1.22093332
Tmem106b,1.511466666
Tmem106c,1.323566651
Tmem109,0.751393324
Tmem120a,0.484033364
Tmem144,0.963033315
Tmem14c,0.194946668
Tmem165,0.260786691
Tmem173,0
Tmem175,1.310000015
Tmem176b,1.062599977
Tmem179b,1.744733337
Tmem192,1.072516694
Tmem206,0.4632967
Tmem30a,0.89185668
Tmem43,1.166066676
Tmem55a,1.407366686
Tmem55b,1.776233289
Tmem63a,1.628833315
Tmem87a,0.447270032
Tmem9b,0.844916656
Tmpo,1.222120023
Tmsb4x,1.181226683
Tmx1,1.226966707
Tmx2,0.516233331
Tmx3,1.075140005
Tmx4,0.388333319
Tnf,0
Tnfaip2,2.127733477
Tnfaip8l2,0.665686667
Tnfrsf23,0.47696332
Tns1,0.145526672
Tollip,1.021580005
Tom1,1.323933317
Tomm40,0.960716689
Tomm70a,0
Top2a,1.13834004
Tor1aip1,1.004653317
Tor1aip2,1.27729998
Tor3a,0.37896665
Tpcn1,1.000720017
Tpcn2,1.515100193
Tpd52,0.836923402
Tpd52l2,0.82228
Tpi1,1.219933277
Tpm3-rs7;Tpm3,1.281333307
Tpm4,0.761653354
Tpp1,1.781366656
Tpt1,0
Trafd1,2.118399865
Trem2,1.020663309
Trex1,1.269699992
Trim14,1.187766656
Trim21,0
Trim28,0.35863331
Trpv2,0.579830009
Tsen34,0.638666684
Tsg101,0.946173306
Tspan14,0.454233338
Tspan31,0
Ttc35,0.816126674
Ttk,0
Ttn,0.742026698
Ttyh2,0
Ttyh3,1.073136637
Tuba1a;Tuba3a,0
Tuba1b,1.418200001
Tuba4a,0.430800013
Tubb4b,1.535899993
Tubb5,1.539866682
Txn,0.892563322
Txndc12,1.120256629
Txndc5,1.219733362
Tyrobp,0.791310046
Uba1,1.260946613
Ubap2,0
Ubap2l,1.321333292
Ube2d3;Ube2d2,0.388766685
Ube2l3,1.239099969
Ube2n,1.115140013
Ubl3,1.106593365
Ubl5;Gm2001,1.251433352
Ubtf,0
Ubxn4,0.525299994
Ufd1l,1.271533317
Ufm1,0
Uggt1,0.829190021
Ugt1a7c,1.179233298
Unc13d,0.229756676
Unc93b1,1.3822666
Upf1,0
Uqcrb,0.735153356
Uqcrc1,0.897090005
Uqcrc2,0.865039989
Uqcrfs1,0
Uqcrh,0.302836688
Usmg5,0.650160021
Usp12;Usp46,0.874789995
Uvrag,1.115839987
Vac14,0.264656666
Vamp3,1.706099997
Vamp4,0.668806661
Vamp7,1.281900038
Vamp8,1.350433353
Vapa,1.156500045
Vapb,1.260366667
Vasp,1.231046649
Vat1,1.396533302
Vcp,0.977950017
Vdac1,1.105133325
Vdac2,1.087649974
Vdac3,1.173606678
Vim,1.117623345
Vmp1,0
Vps11,0.831189982
Vps13c,0.979866674
Vps13d,0.418869994
Vps16,1.040699999
Vps18,0.684826634
Vps26a,0.802966647
Vps26b,0.560853323
Vps28,1.075669993
Vps29,0.676206682
Vps33a,1.056530023
Vps33b,0.919240004
Vps35,0.63456998
Vps37b,1.033620014
Vps37c,1.871366591
Vps39,0.841329973
Vps41,0.79353002
Vps45,0.625266612
Vps4a,1.791076639
Vps4b,1.328260015
Vta1,0.904393343
Vti1a,0.83600665
Vti1b,1.355166679
Vwa5a,1.142536692
Was,0.847350004
Wasf2,0.961106655
Wash1,0.940036665
Wbp11,0.759743362
Wdfy2,0.338209931
Wdfy4,0.621756676
Wdr1,1.147696629
Wdr41,0.419133343
Wdr45l,0.677086654
Wdr5,0.910570023
Wdr7,1.14803333
Wdr70,0.37636665
Wdr81,0.949776671
Wdr91,1.046029999
Wipf1,0.942546683
Wnk1,1.191773325
Wwp1,1.171890004
Wwp2,0.688613351
Yipf3,0.306129992
Ykt6,1.550999797
Ythdf3;Ythdf1,0.528913313
Ywhab,0.876983321
Ywhae,0.710089999
Ywhag,1.004859999
Ywhah,0.885166688
Ywhaq,0.69519999
Ywhaz,1.042583367
Zadh2,0.903760012
Zc3hav1,0.748036682
Zdhhc20,0.651316647
Zfand2a,1.011966632
Zfyve19,0.434133332
Zmiz1,0.491706664
Zmpste24,0.879510003
Znf703,2.082500281
Znrf1,1.167743342
Znrf2,0
Zyx,0
0,1.40308
Q9DAM7,1.873799942
Q8K039;D3YWR8,1.112070037
Q9D735,1.584633171
Q9D6W8,0.504946621
Q9D0B6;Q9D0B6-2,0.906559989
Q8CAQ8-3;Q3TZK4;E9PVS5,1.091133329
Q7M6Y3-5;Q7M6Y3-3;Q7M6Y3-2,1.257899971
Q3TYS2,1.257933353
P17047-3,0.997499829
Q5F285,0
Q9CRC6,0
J3QNB0;Q9CQE8,0
Q6PIU9,1.02876667
Q9ES97-3,0.742043324
Q8VE96;D6RHL1,0
Q8C708,1.172973275
Q8K1J5,0.284636681
P10404,0.70483334
Q8R239;Q8R239-3;Q8R239-2,0.227970027