Gene names,2015 Dill Calreticulin Early
Septin-2,1.134743303
Septin-7,1.061410019
Septin-8,0.938043307
Septin-9,1.094233309
Septin-11,1.0717533
15 kDa selenoprotein,0
0610031J06Rik,0.876330003
1700112E06Rik,0.588273287
2310022A10Rik,0.465696661
2410018M08Rik;Chchd2,0
2810422J05Rik;Uba52;Ubc;Ubb,0.874096668
4632428N05Rik,1.451633327
4732456N10Rik,0
5031439G07Rik,0.870453335
9030624J02Rik,0.790636655
Aak1,0.712633322
Abca3,0.734810004
Abcb11,0.49501664
Abcb1b,1.735000072
Abcb6,0.733333325
Abcc1,1.782099926
Abcc3,0
Abcd1,0.768980014
Abcd3,0.843700009
Abcd4,0.463203329
Abcf2,0.312859993
Abhd12,0.671313347
Abi1,1.090599982
Abr,0.887713325
Acaa1a;Acaa1b,0.880743338
Acaa2,0.629733285
Acadl,0.728819982
Acadm,0.632303334
Acads,0.843063325
Acadvl,0
Acap2,1.540333346
Acat1,0.848519985
Acbd3,0
Aco2,0.77716
Acot13,0.618436683
Acox3,0.885669976
Acp2,0.687823356
Acp5,0
Acsl1,0.23992668
Acsl4,1.139200002
Acsl5,0.837039993
Actc1;Acta1;Acta2;Actg2,1.809266649
Actn1,0.28246666
Actn4,0.924446653
Actr1a;Actr1b,0.543033347
Actr2,1.725299977
Actr3,1.525200013
Adam10,1.219666691
Adam17,1.321300015
Adam8,1.404333332
Adam9,1.242533337
Adcy7,1.338866681
Aga,0.969113345
Agfg1,1.403266669
Agfg2,1.51119997
Agps,0.930813324
Agtrap,0.736523325
Ahnak,1.640766645
Ahnak2,1.152046679
Ahnak2F7CVJ5,1.11283334
Ahnak2E9PYB0,1.12616667
Ahsa1,1.182903036
AI607873,0.322950005
Aif1,0
Aifm1,0.442200013
Aifm2,1.09996666
Akap10,0.237080005
Akr1a1,1.0221333
Akr1b1;Akr1b3,0.74639998
Alcam,1.693133356
Aldh2,0.70906333
Aldh3a2,0.976553335
Aldh3b1,1.255033306
Aldh9a1,0
Aldoa;Aldoart1,1.262633313
Alg2,0
Alg5,0.518599996
Alox5,0.969360001
Alox5ap,0.787123352
Alyref;Alyref2;Refbp2,0.829766658
Ankfy1,1.058919981
Ankh,1.045549975
Anln,0.544966631
Ano6,0.499699992
Anp32b,0.666496674
Anpep,1.507366615
Antxr2,0.438500016
Anxa1,1.365133324
Anxa11,2.796999869
Anxa2,1.210700008
Anxa3,2.576033144
Anxa4,2.024800211
Anxa5,2.483533256
Anxa6,1.222723323
Anxa6P14824,1.637170031
Anxa7,2.192166867
Aoah,0.497503345
Ap1b1,1.093376691
Ap1g1,0.68607668
Ap1g2,0.379633339
Ap1m1,0.916923334
Ap1s1,0.88614668
Ap1s2,0.96357331
Ap2a1,1.639433592
Ap2a2,1.628533193
Ap2b1,1.462366626
Ap2m1,1.347166696
Ap2s1,1.67370025
Ap3b1,0.72309666
Ap3d1,0.565843362
Ap3m1,0.709039981
Ap3s1,0.644830009
Ap3s2,0
Aph1a,0.587333332
Apmap,0.540186665
Apoa1bp,0.236466661
Apob,0.912546678
Apobr,1.047696669
Apoe,0.602836729
App,1.100576677
Apr3;0610007C21Rik,0.450069993
Araf,1.275666663
Arap1,1.088166672
Arf3;Arf1,2.110473499
Arf5,0.881690011
Arf6,0.946466689
Arfgap1,0.355366667
Arfgap2,1.252233355
Arfgap3,0.882566651
Arfip1,0
Arfrp1,0.715743347
Arhgap1,0.545983329
Arhgap17,1.115126672
Arhgap22,0.698983356
Arhgap25,0.991449988
Arhgap30,0.431199975
Arhgap4,0
Arhgap9,0
Arhgdia,0.965186641
Arhgdib,1.376986569
Arhgef1,1.005563295
Arhgef10l,0.658366661
Arhgef2,1.083733346
Arhgef7,0.605993303
Arl1,1.397866716
Arl4c,0.957889984
Arl6ip5,0.937299984
Arl8a,0.598146654
Arl8b,0.889140003
Armc10,0
Arpc1b,1.608200054
Arpc2,1.493400015
Arpc3,1.742699986
Arpc4,1.543399986
Arpc5,1.409033312
Arpp19,0.663436676
Arrb2,0.977860025
Arsa,0.839380008
Arsb,0.868933339
Arsk,0.876330004
Asah1,0.627736675
Asah2,0.878143319
Asph,0.877506674
Ass1,1.118533109
Atad1,0
Atl3,0.943346667
Atp11a,0.885326676
Atp11c,1.358166656
Atp13a2,0.677139987
Atp1a1,2.07296653
Atp1a3,1.687300006
Atp1b3,1.904800089
Atp2a2,0.756549991
Atp2a3,0
Atp2b1,1.835133536
Atp2b3,1.287133462
Atp5a1,0.799923335
Atp5b,0.778469999
Atp5c1,0.927649992
Atp5d,0.59036666
Atp5f1,0.726569972
Atp5h;Gm10250,0.693876656
Atp5i;Atp5k,0.562823322
Atp5j,0.774300012
Atp5j2,0.193780002
Atp5l;Atp5l-ps1,0.607200004
Atp5o,0.77532334
Atp6ap1,0.631913354
Atp6ap2,0.685289993
Atp6v0a1,1.08233334
Atp6v0c,0.667239999
Atp6v0d1,0.648123337
Atp6v0d2,1.318706589
Atp6v1a,0.964043359
Atp6v1b2,0.918660016
Atp6v1c1,0.803063345
Atp6v1d,0.862960002
Atp6v1e1,0.9734433
Atp6v1f,0.677810009
Atp6v1g1,0.829816655
Atp6v1h,0.824410014
Atp8a1,0.798796657
Atp9b,1.171876692
Atpif1,0.741893344
Atrn,1.143173335
Atxn2l,0.447933322
Aup1,0.415699984
B2m,1.514466676
B4galnt1,1.028810023
B4galt1,0.97791667
Bag3,0.97803333
Bak1,0.245100002
Banf1,0.85440332
Basp1,0.860023335
Bax,0.780193299
BC017647,0.816330007
Bcap31,0.806146659
Bcat2,0
Bcl7b,0.634776655
Bclaf1,0.286543326
Becn1,1.110356714
Bin1,0.357303345
Bin2,0.872493318
Birc6,0.780600071
Blmh,0.761730009
Blnk,1.15447
Bloc1s1,0.558923308
Blvrb,1.141796663
Bmp2k,0.706826694
Bola1,0
Bphl,0.235863323
Bri3,0.574839959
Bst1,0.486966657
Bst2,2.076500017
Btd,0
Btf3,0.823033327
C1qa,0.299863348
C1qb,1.269513331
C1qbp,0.59788667
C1qc,1.17006667
C3,0.197116671
C3ar1,1.433800323
C5ar1,1.297766656
Cab39,0
Cacybp,0
Cadm1,1.425733289
Calm1;Calml3,0.680273328
Calr,0.741763332
Calu,0.615013291
Camk2d,1.152303334
Canx,0.655503285
Cap1,1.206333342
Capg,1.346766668
Capn1,1.274200006
Capn2,1.212750002
Capn5,0.863833342
Capns1,0.996996693
Caprin1,1.308200034
Capza1,0.955666685
Capza2,1.052776678
Capzb,1.084100006
Cast,1.056689969
Cat,0.815839968
Cbl,1.15383336
Cbr2,0
Cbx3,0
Cc2d1b,0.565793312
Ccdc115,1.507300046
Ccdc12,0.320636671
Ccdc22,0.978039989
Ccdc50,0.529793327
Ccdc53,0.408433328
Ccdc75,0.95563334
Ccdc88b,0
Ccdc93,0.91108334
Cct2,0.355033319
Cct3,1.184733376
Cct4,1.064796654
Cct5,1.11003002
Cct6a,1.181833296
Cct7,0.559033358
Cct8,0.866000012
Ccz1,0.801913325
Cd14,2.035599975
Cd151,1.171143353
Cd180,0.724313343
Cd1d1;Cd1d2,0.832876666
Cd200r1,1.01580002
Cd2ap,0.446099983
Cd300a,1.942333658
Cd300lh;OTTMUSG00000003606,1.38616662
Cd36,1.154233325
Cd44,2.332400169
Cd47,1.589966687
Cd48,1.488099969
Cd5l,1.080096627
Cd63,0.49303669
Cd68,0.670779993
Cd72,1.609399976
Cd74,0.958940005
Cd81,0.988416658
Cd82,1.166433329
Cd84,2.097400246
Cd9,1.176216645
Cd93,1.943433138
Cdc42,1.25143333
Cdc42bpb,0
Cdc42ep4,1.000043333
Cdca3,1.600666645
Cdipt,0.652666637
Cdk1,1.45531024
Cdk14,0
Cdk18,1.102026632
Cdk2;Cdk3,0.250746662
Cdk5,0.962740041
Cdkn1b,0
Cds2,0.275026664
Cenpe,0
Cep41;Tsga14,0.629066657
Cep55,0.86910666
Cers2;Lass2,0.28675668
Cfl1,1.614166674
Cfp,0
Chchd3,0.669543321
Chd4,0.155516709
Chd6,0.267976668
Chi3l3,0.617303325
Chi3l4,0
Chmp1a,1.041136694
Chmp2a,0.985713328
Chmp2b,1.092460017
Chmp4b,0.89589333
Chmp5,0.690119975
Chmp6,1.133739987
Cisd1,0.259946656
Cisd2,0.677123331
Ckap4,2.300167042
Ckap5,1.263826634
Ckb,1.014319992
Clcn5,1.230966693
Clcn6,0
Clcn7,0.916026663
Clec10a;Mgl1;Mgl2,1.969699815
Clec12a,1.849133589
Clec4e,0
Clic1,0.474476666
Clint1,1.257536686
Cln3,0.937109979
Cln5,0.62723667
Clptm1,0.813763309
Clrn2,0.661463339
Clta,0.914673343
Cltc,0.801280011
Cmtm6,1.310589995
Cndp2,1.123966627
Cnn2,1.020710028
Cnot4,0
Cnp,1.059679987
Cnpy2,0
Cnpy3,0.325179982
Cnpy4,1.695183227
Col4a4,0
Col6a3,0
Colec12,2.231433362
Commd1,0.947666665
Commd10,1.008463323
Commd2,1.005893354
Commd3,0.898889995
Commd4,0.928603358
Commd5,0.938356668
Commd6,1.015363327
Commd7,0.981770008
Commd8,0.752906667
Commd9,1.070339981
Comt,0.970663366
Copb2,0.943633327
Coro1a,1.593533318
Coro1c,1.311166715
Coro2a,0.827016662
Cotl1,1.036026688
Cox4i1,0.700426678
Cox4nb,0.435070002
Cox5a,0.61774999
Cox5b,0.756646678
Cox6a1,0.709563329
Cox6b1,0.650710008
Cox6c,0.766296694
Cox7a2,0.60625667
Cox7c,0.226936661
Cpd,0.591613349
Cpne1,0.674759987
Cpne2,1.341966611
Cpne3,1.522366706
Cpq,0.889260007
Cpt1a,1.180389977
Cr1l,1.71793338
Creg1,0.986059981
Crip1,1.140700022
Cs,0.693029994
Csf1,1.381833372
Csf1r,1.048203305
Csf2ra,0
Csk,1.161866645
Csnk1a1,0.79136669
Csnk1g3,0.498099994
Csnk2b,0.402500003
Csrp1,0.93046
Cst3,0.949743351
Cst7,0
Cstb,1.258999987
Ctbs,0.821773347
Ctdsp1,0.734996667
Ctnnd1,1.236100001
Ctsa,0.85731003
Ctsb,0.784326666
Ctsc,0.745523338
Ctsd,0.749266673
Ctsf,0.79041333
Ctsh,0.757883333
Ctsl1,1.12846664
Ctso,0
Ctss,0.856156656
Ctsz,0.782959982
Cttnbp2nl,1.12083336
Cuedc2,0.277459999
Cux1,0
Cwc15,0.551289995
Cxcl2,0
Cyb5a;Cyb5,0.878573315
Cyb5b,1.115893339
Cyb5r3,0.828286658
Cyba,0.988610008
Cybb,0.95691667
Cyc1,0.595540005
Cyfip1,1.25673335
Cyp20a1,0.59016002
D10Jhu81e,0.204369994
D10Wsu52e,1.412766656
D17Wsu104e,1.008783332
Dab2,2.090766381
Dad1,1.019910007
Daglb,0.893563325
Dars,0
Dbi,0.715999996
Dbr1,0.785506651
Ddb1,0.879300005
Ddost,1.0056567
Ddrgk1,0
Ddx1,1.308436688
Ddx39b;Ddx39a,1.128093305
Ddx3x;D1Pas1,0.916759996
Ddx3y,0.637399949
Ddx42,0.911360032
Ddx46,0.308106666
Ddx5,0.760343329
Decr1,0
Degs1,0.98150666
Dek,0
Dennd1a,1.132299986
Dhrs1,0.782069982
Dhrs4,0.543806671
Dhrs7,0.874556635
Dhx15,0.438066683
Dhx9,0
Diap1;Diaph1,0.86783333
Diap2;Diaph2,0.630526688
Dirc2,0.59949
Dlat,0.590166646
Dld,0.685613325
Dlst,0.716219995
Dmxl1,0.967029986
Dnaja1,1.525266698
Dnaja2,1.285006681
Dnajb11,0.901200009
Dnajb6,1.248600017
Dnajc13,0.878429988
Dnajc3,1.058999963
Dnajc5,0.945360013
Dnajc8,0.853170001
Dnajc9,1.222899991
Dnase1l1,1.741733314
Dnase2;Dnase2a,0.820030012
Dnm2,1.409033322
Dnm3,0.549433354
Dock2,0.953136641
Dock8,0.443160006
Dok1,0.338999986
Dok2,1.304789987
Dok3,0.194023338
Dpep2,0.518199992
Dpm1,0.311223328
Dpp7,0.883459986
Dpysl2,1.233480185
Dram1,0.789099977
Dram2,0.463619959
Drg1,1.245999966
Dscr3,0.929136637
Dstyk,0
Dtx3l,1.281829934
Dusp22,0.246819979
Dusp3,0.776266804
Dync1h1,0.82555667
Dync1i2,0
Dync1li1,0.343266684
Dynll2,0.495120007
E030010N08Rik,0
Ear2;Ear3,0.478409995
Ece1,0.93689001
Echs1,0.94263333
Edil3,1.099066703
Eea1,1.545966644
Eef1a1,1.263033374
Eef1b,0.695759998
Eef1d,0.492333324
Eef1g,1.20766664
Eef2,1.704066833
Efhd2,1.389816846
Ehbp1l1,1.132633315
Ehd1,1.081600018
Ehd4,1.196166731
Eif1a;Eif1ax,0
Eif2s1,1.304966649
Eif2s3x;Eif2s3y,0.674266815
Eif3d,0.673283365
Eif3l,0
Eif4a1;Eif4a2,1.445333341
Eif4e,1.145289968
Eif4e2,0.357733319
Eif4enif1,0.41534666
Eif4g1,0.911653293
Eif4g2,1.138099988
Eif4h,0.958566663
Eif5a;Eif5a2,1.380400092
Eif6,1.012310043
Elavl1,0.821566686
Elmo1,1.223433306
Elmo2,0.649586691
Elovl1,0
Emb,1.488066703
Emd,1.098216649
Emp2,0.537499977
Emr1,1.551100067
Endod1,0.668653354
Eno1,0.937623335
Ensa,0.221796668
Entpd1,1.672566815
Eny2,1.032969969
Epb4.1;Epb41,1.496166608
Epb4.1l1;Epb41l1,1.604966759
Epb41l2,1.805633312
Ephx1,0.889819991
Eppk1,0.651316691
Eps15l1,1.531399995
Erap1,0.205246667
Erbb2ip,1.847933223
Ergic1,0.308559988
Erh,0.475009995
Erlin1,0.941416659
Erlin2,0.856766666
Erp29,0.754139995
Erp44,0.89194667
Esd,1.36833335
Esyt1,0.981963328
Esyt2,1.056116707
Etf1,1.352966725
Etfa,0.705893314
Etfb,0.680033324
Etfdh,0
Evi2a,1.08113334
Evi2b,1.817033208
Evl,1.174566662
Ewsr1,0.320706667
Ezr,1.8519632
F13a1,0
Faf2,0.600616699
Fam108b1,0.756026661
FAM120A,0
Fam125a,0.943996655
Fam129a,0
Fam129b,1.170433348
Fam168a,0.910606653
Fam177a1,0
Fam195b,0
Fam21,0.989513335
Fam26f,1.091926681
Fam3c,0.973473347
Fam45a,0.843743333
Fam49b,1.355533329
Fam50a,0.846720016
Fam54b,1.007756692
Far1,1.049156676
Farsa,1.17353333
Farsb,1.655066606
Fbln2,0
Fcer1g,1.444533322
Fcgr1,2.087966385
Fcgr2;Fcgr2b,1.101269979
Fcgr3,0.483733313
Fcgr3P08508,1.499999998
Fcgrt,0
Fcrls,1.1367
Fdps,0.985499953
Fen1,1.128873361
Fermt3,1.717700038
Fes,1.209160042
Fh,0.693573331
Fis1,1.081843334
Fkbp15,1.04644333
Fkbp2,0.858786668
Fkbp8,0.727009986
Flcn,1.011520012
Flna,1.05300001
Flnc,0.554093345
Flot1,0.769660004
Flot2,0.68515998
Fmnl1,1.122933339
Fn1,1.060466641
Fnbp1,0.896366646
Folr2,1.687733358
Frmd8,0.38906667
FRRS1,1.249900044
Fth1,0.88337666
Ftl1;Ftl2,0.89124666
Fuca1,0.779513352
Fuca2,0.852919978
Fus;Taf15,0
Fxyd5,0.539866686
Fyb,1.424233354
Fyco1,0
Fyn,1.31053335
G3bp1,1.301866699
G3bp2,1.231883354
G6pdx,1.176700056
Gaa,0.983303308
Gabarap;Gabarapl1,0
Gabarapl2,1.54519997
Gak,0.729206671
Galc,0.664806702
Galns,0.829283362
Galnt2,0.916760024
Galnt7,1.144966668
Ganab,1.026410002
Gapdh;Gm7293;Gm6316,1.697433311
Gas7,0.592599987
Gba,0.856946658
Gbp5,0.787243315
Gclm,0.74937331
Gdap2,0.711003337
Gdi2,1.055496675
Ggh,0.772676684
Ggta1,0.690740022
Gla,0.741330009
Glb1,0.742796653
Glb1l,0
Glg1,0.734023322
Glipr1,1.418599991
Glipr2,1.597033305
Gls,0.219136666
Glt25d1,1.387967001
Gltp,0
Glud1,0.68588331
Gm10036;Rpl11;Gm10288;Gm5093;Gm7589,1.929999958
Gm10119;Rps3a;Gm9000,1.336066678
Gm10126;Rps29,0
Gm10320;Sec61b,0.709199997
Gm13646;Hist1h2bf;Hist1h2bb;Hist1h2bk;Hist1h2bp,1.090466663
Gm14548,2.009233404
Gm16477;Rpl7a;Gm5619;Rpl7a-ps10;Rpl7a-ps5;Rpl7a-ps3;Gm17415;Gm4978;Gm5459,1.235560002
Gm17352;Rps18;Gm5321,1.456399957
Gm20390;Nme2;Nme1,1.22174329
Gm20425;Srprb,0.829796669
Gm20431;Ube2v1;Gm8325;Ube2v2;Gm5830;Gm10088,0.518899985
Gm20489;Il2rg,1.177599965
Gm20498;Synj2bp,0.428686684
Gm2382;Mthfs,0
Gm2a,0.92025
Gm5431;OTTMUSG00000005540;9930111J21Rik,1.9643331
Gm5576;Eif4a3,0
Gm6377,0
Gm8394;Psma5,1.031486641
Gm9755;Tufm,0.816713301
Gmip,1.177733348
Gmpr2,0.628003336
Gna13,1.513966654
Gnai2;Gnai1,1.080576713
Gnai3,1.11508333
Gnaq,1.818766546
Gnas,1.439733343
Gnb1,0.95756665
Gnb2,1.178533358
Gnb2l1,1.615733144
Gnb4,0.247693343
Gng12,1.164143319
Gng2,0.941926665
Gng5,1.164933311
Gns,0.828389999
Golga1,0.415823319
Golga4,0.867516631
Golga5,0.379433325
Golga7,1.119033346
Golgb1,0.4855
Gosr1,0.471820001
Got2,0.788413347
Gp49a,1.127200024
Gpatch8,0.385600011
Gpd2,0
Gpi;Gm1840,1.313566673
Gpld1,0.33894995
Gpnmb,0.78729999
Gpr107,0.85639001
Gpr108,0.326469997
Gpr137b,0.655073309
Gpsm3,0.858306693
Gpx1,0.948866649
Gpx4,0.81155665
Grap2,0
Grb2,1.481266646
Grn,0.48379001
Grpel1,0
Gsdmdc1,0
Gsn,1.776006576
Gstk1,0.257590001
Gstm1,1.723700339
Gtf2f1,0.755433336
Gtf2f2,0.932786674
Gusb,0.608923367
Gvin1,0.791369997
H1f0,0.782733321
H2-Aa,0.943583325
H2-Ab1,0.891433325
H2-D1,0.592233334
H2-D1;H2-L,1.544066663
H2-DMa,0.765300045
H2-DMb1;H2-DMb2,1.050240006
H2-K1,1.641999935
H2-T23,1.227499773
H2afx,0.948743334
H2afy,0.505420022
H2afz;H2afv,0.933606655
Hadha,0.719963331
Hadhb,0.637483342
Hba;Hba-a1,0
Hbxip,0.891273329
Hck,1.212433338
Hcls1,1.151113341
Hdac1;Gm10093,0.657216696
Hdhd2;Ier3ip1,0.747750014
Heatr7a,0.594776671
Hexa,0.910963336
Hexb,0.993679981
Hfe,1.532633584
Hgs,1.428033315
Hgsnat,0.697386652
Hint2,0.329689999
Hist1h1a,0.691933312
Hist1h1b,0.501800022
Hist1h1c,0.509576701
Hist1h1d,0.539653392
Hist1h1e,0.520286698
Hist1h2af;Hist1h2ab;Hist3h2a;Hist1h2ah,0.9118233
Hist1h3b;Hist1h3a,0.70964001
Hist1h4a,0.898946697
Hist2h2aa1;Hist1h2al;Hist2h2ac,0.985263296
Hist3h2bb;Hist3h2ba,0
Hk1,0.728349999
Hk2,0.656093329
Hm13;H13,0.483779992
Hmga1,0
Hmga2,0
Hmgb1,0.909776641
Hmgb2,0.909823348
Hmgcl,0.797823335
Hmgn2,0
Hmha1,0.860199986
Hmox1,0.902206677
Hmox2,0.776116669
Hn1l,0.376700016
Hnrnpa0,0.967576656
Hnrnpa1,1.21103001
Hnrnpa2b1,1.267766687
Hnrnpa3;Gm6793;Gm8991,0.939316689
Hnrnpab,1.243399977
Hnrnpc,0.524630052
Hnrnpd,0.624920003
Hnrnpf,2.004676315
Hnrnph1,1.335899957
Hnrnpk;Gm7964,1.716756996
Hnrnpl,1.088946645
Hnrnpm,1.158076679
Hnrnpu,0.731686665
Hp1bp3,0.589849986
Hpcal1;Hpca,1.055443318
Hps1,0.420703343
Hps3,0.240026666
Hps4,1.113460013
Hpse,0.781283345
Hras1,1.169266656
Hs2st1,0.314413328
Hsd17b10,0.87060005
Hsd17b11,0.733163315
Hsd17b12,0.833986684
Hsd17b4,0.768716675
Hsdl1,0.721576671
Hsp90aa1,1.297490019
Hsp90ab1,1.10598001
Hsp90b1,0.823430007
Hspa4,0.995919989
Hspa5,0.992889997
Hspa8,1.093833379
Hspa9,0.777310027
Hspd1,0.785246649
Hspe1,0.961210016
Hspg2,0.262693277
Htatip2,0.953163355
Hvcn1,1.319599989
Hyal1,0.896669973
Hyou1,0.778656656
Icam1,1.811966714
Idh1,0.835343295
Idh2,0.914100033
Idh3a,1.1084266
Idh3b,0.065636654
Idh3g,0
Ids,1.323299988
Idua,0.663293355
Ifi204,1.09631001
Ifi205b,0.945696671
Ifi30,0.761906667
Ifit1,0.314719996
Ifitm2,1.224890026
Ifitm3,1.503799995
Ifngr1,1.116710008
Igbp1,0
Igf2r,1.174103314
Igsf6,0.698933208
Igtp,0.756406681
Il16,0.816156647
Ilk,0.965179989
Ilvbl,0
Inf2,1.265166666
Inpp5d,1.209366674
Iqgap1,1.009136677
Iqgap2,0
Irf2bp2,1.078153314
Irgm1,0.799536665
Irgm2,1.102823348
Isg15,0.930126676
Isg20,0.296626665
Ist1,0.98345333
Itch,0.275883332
Itga4,1.788866627
Itga5,1.700933165
Itga6,1.529500041
Itgam,1.987666686
Itgav,1.558799981
Itgax,1.960566377
Itgb1,1.369600016
Itgb2,1.441066691
Itgb5,1.585166772
Itm2b,1.223670024
Itsn2,1.450366645
Jak1,1.520499965
Jup,0.463589978
Kat2a,0.527799979
Kcnab2,0
Kcnk6,0.502443329
Kcnn4,0.833443363
Kctd12,0.815056701
Kdelr1,0.913166686
Kdm1a,0
Kdm3b,0.769523315
Khdrbs1,0.715459998
Khsrp,0.829933357
Kiaa0196,0.948936676
Kiaa0226;1700021K19Rik,0.728133313
Kiaa0907,0.316236676
Kiaa1033,1.009799992
Kiaa1598,0
Kiaa1671,0.463466671
Kif13b,0.207936669
Kif16b,1.325766648
Kif1a,0.439466683
Kif5b,0.693703321
Kpnb1,1.263066673
Kras,1.321000031
Krt28;Krt24,14.30603324
Krt76,8.408265899
Lamp1,0.819819979
Lamtor1,1.010610033
Lamtor2,0.725320001
Lamtor3,0.775020007
Lancl1,0
Laptm5,0.860620026
Lasp1,1.779899829
Lat2,0.520299995
Lbr,1.022933342
Lcp1,1.184900011
Lcp2,1.328733362
Ldha,1.050916672
Ldlr,1.182133344
Lgals1,1.014720022
Lgals3,1.130119976
Lgals3bp,0.929913327
Lgals3bpF6VRP8,0.693993325
Lgals8,0.857539976
Lgals9,0.844909986
Lgmn,0.778966666
Lig1,0.796856706
Lilrb3,1.991233476
Lilrb4,1.893899763
Lima1,0
Limd2,0.747519978
Lims1,0.36306667
Lin7c;Lin7a,0.665199966
Lipa,0.788556662
Lman1,0.795889987
Lman2,0.887233337
Lmbrd1,0.801746647
Lmbrd2,0.904443337
Lmna,1.054389996
Lmnb1,1.015403323
Lmnb2,0.952663342
Lnpep,1.192096677
Loh12cr1,0.618786683
Lpcat2,0.46165998
Lpl,1.278133321
Lrp1,1.413899977
Lrp1b,1.33286666
Lrpap1,0.997986704
Lrpprc,0.437700003
Lrrc25,1.916166745
Lrrc57,0.980750022
Lrrc59,0.785730005
Lrrc8c,0
Lsp1,1.790566374
Lss,1.027969964
Ly86,0.682893309
Ly9,1.732999871
Lyn,1.757433191
Lypla2,0
Lyz1,0.578979979
Lyz2,0.762039999
M6pr,1.373433307
Macf1,0.911523334
Magt1,0.449033349
Man1a1,0.753569979
Man1c1,0.787766665
Man2a1,0.763103344
Man2b1,0.848856664
Man2b2,0.88968002
Manba,0.832116665
ManbaQ8K2I4,0.689896671
Manf,0.832166696
Map1s,0.556513336
Map2k1;Map2k2,0.970033313
Map2k4,0
Map3k11,1.064200003
Map4;Mtap4,1.126433328
Mapre1,0.822899997
Marc2;Mosc2,0.164676717
Marcks,0.720780005
Marcksl1,0.573220002
Mark2,0
Matr3,0.615830007
Mavs,0
Mboat7,0.428783321
Mbp,0.897629999
Mcl1,1.128999927
Mcoln1,0.236156655
Mcoln2,0.289333324
Mdh1,1.263216664
Mdh2,0.722473325
Me2,0
Mef2bnb;2310045N01Rik,0.513630025
Mesdc2,0
Mettl3,0
Mettl7a1;Mettl7a2-Higd1c;Ubie;Mettl7a2;Mettl7a3;AB099516,0.851640009
Mfge8,1.341933331
Mfsd1,0.828933306
Mfsd12,0.71692999
Mfsd7,0
Mfsd8,0.671230003
Mgat1,0
Mgp,0.477666663
Mia3,0.695630014
Mic1,0.83069001
Milr1,1.876876202
Mki67,1.035396659
Mlec,0.857593357
Mlst8,0
Mob1b;Mob1a,0.294323328
Mob4,1.070646667
Mon1a,0.996306686
Mon1b,0.79137334
Mpdu1,0
Mpeg1,0.788620005
Mpo,0.76725333
Mpp1,1.239733323
Mrc1,1.36989997
Ms4a4c,1.142496657
Msn,1.933833265
Msr1,1.531666684
Msra,0.296933341
Mtatp8;mt-Atp8,0.361200025
Mtch2,0.921436637
Mtco1;mt-Co1,0.406753314
Mtco2;mt-Co2,0.767130017
Mtdh,0.77157666
Mtss1,1.065189973
Mvp,0.918246666
Myadm,2.256100174
Myh14,1.138099989
Myh9,1.193459997
Myl12a;Myl12b;Myl9,1.220983324
Myl3;Myl1,1.539613257
Myl6,1.384633307
Myo1c,0.882466653
Myo1e,0.689593276
Myo1f,1.048083348
Myo1g,1.280693334
Myo5a,0.993296668
Myof,1.090546672
Naaa,0.565919992
Naca,0.801813333
Naga,1.007923306
Naglu,0.802456666
Nagpa,1.311733366
Nap1l1,0.34286666
Napa,1.105133348
Napg,1.015153347
Napsa,0.602293304
Nceh1,0.872256686
Ncf1,0.592086676
Ncf2,0.979700376
Nckap1l,1.437666659
Ncl,0.698333326
Ncoa3,0.601863331
Ncor1,0.759166638
Ncstn,0.672199987
Nde1;Ndel1,0.104093328
Ndufa10,0
Ndufa4,0.71422
Ndufa6,0
Ndufc2,0
Ndufs1,0.564736662
Ndufs2,0.224250001
Ndufs3,0
Ndufv1,0.266629996
Ndufv2,0
Neb,0.472873352
Necap2,1.313100002
Nek2,1.230590024
Neu1,0.823909985
Nfam1,1.47523332
Nfatc2ip,0.358943325
Nhlrc3,0.962976672
Nhp2l1,0
Nhsl2,0.215959996
Nin,1.008993328
Nipsnap3b,0.268363338
Nisch,1.077133358
Nmt1;Nmt2,0.342266678
Nob1,0.888233325
Nomo1,0
Nono,1.086980012
Npc1,0.649383353
Npc2,0.832543332
Npm1,1.195666687
Nptn,1.146439999
Nrp1,1.736733354
Nrp2,1.746766937
Nsdhl,0.892816679
Nsf,0.983643312
Nucb1,0.841223353
Nucb2,0.82636333
Nudc,1.070483322
Numa1,0.991553319
Numb,1.118233312
Numbl,0
Nup54,1.388763288
Nup62,1.542599849
Nutf2,0.583676682
Oas1a;Oas1g,0.782020011
Oas3,1.492066614
Oat,0.728110006
Ogdh,0.48005001
ORF3,0.190203329
Osbp,0.169143343
Osbpl11,0.736553333
Osbpl1a,0.838000001
Osbpl6,0.214833365
Osbpl8,1.03957997
Osbpl9,0.622003363
Ostf1,0.862939972
Ostm1,0.692473339
Otud7a,0
Oxct1,0.551876716
P2rx4,0.542733349
P2rx7,1.138653332
P33monox;4833439L19Rik,0.354099988
P4hb,0.916190003
Pa2g4,1.385623336
Pabpc1;Pabpc6,0.821083322
Paics,1.38909999
Paip1,0.367533332
Pak2,0.895766426
Parp1,0.854653328
Parp14,0.9222667
Pcbp1,1.804706285
Pcbp2;Pcbp3,1.473406394
Pcdhb2,0
Pck2,1.067773331
Pcmt1,0.286753341
Pcna,1.341466642
Pcnp,0.70612998
Pcyox1,0.773853328
Pcyox1l,0.710356691
Pcyt1a,1.127140021
Pdcd6,0.796466677
Pdcd6ip,1.193833296
Pdha1,1.087383334
Pdhb,0.54721334
Pdia3,0.829876679
Pdia4,0.871763319
Pdia6,0.853873322
Pdlim2,0.842379999
Pdlim5,1.042850004
Pdxk,0.340766668
Pef1,1.13520999
Pepd,0.259489991
Pex14,0.570833338
Pf4,1.150566674
Pfkp,1.307633359
Pfn1,1.366766645
Pgam1,1.224366668
Pgd,1.068966645
Pgk1,0.98143667
Pgrmc1,0.660293325
Pgrmc2,0
Phb,0.75907334
Phb2,0.880143331
Pi4k2a,0.792290023
Pi4ka,0.855666491
Pid1,1.061876674
Pigs,0.509143331
Pigt,0
Pik3ap1,1.006553358
Pik3c3,1.025219965
Pik3cg,0
Pik3r4,0.992853342
Pion,0.700066664
Pip4k2a,1.190733366
Pip4k2b,0.46793333
Pitpna,0.715683338
Pkm2,1.404133349
Pkn1,1.041219983
Pla2g15,0.79386667
Pla2g7,0.73299332
Plau,0.739590011
Plaur,2.097467224
Plbd1,0.968513327
Plbd2,0.803809978
Pld1,0.662713362
Pld3,1.000646662
Pld4,0.991540036
Plec,0.868909979
Plek,1.357033334
Plekha1,0.760286629
Plekho1,1.136486655
Plekho2,0.96004001
Plod1,0.567766644
Plod3,0.425033335
Plscr3,0.243006667
Pltp,0.875773352
Plxdc1,1.068866639
Plxna1,1.928733286
Plxnb2,1.70243332
Pnp,1.155553342
Pon2,0.344400008
Pon3,0.827903324
Por,0.814860012
Ppia,1.352700004
Ppib,0.825216654
Ppm1h,1.237199958
Ppp1ca,0.795190008
Ppp1cb,0.328783332
Ppp1cc,1.214499959
Ppp1r12a,0.997620003
Ppp1r12c,1.395999965
Ppp1r18,0.76752667
Ppp2ca;Ppp2cb,1.173933329
Ppp2r1a,1.155066668
Ppt1,0.602386659
Ppt2,0.56036664
Pqbp1,0.27060333
Prcc,0.933236686
Prcp,0.759683325
Prdx1,1.341133335
Prdx2,1.219999994
Prdx3,0.479920067
Prdx4,1.252533332
Prdx5,1.068166638
Prkacb,0.817133354
Prkar1a,0.703346674
Prkca,0.448433325
Prkcd,1.736299768
Prkcsh,0.867516662
Prpf19,0.360200003
Prpf31,1.092959991
Prpf40a,0.938433328
Prrc2c,0.965483332
Psap,0.3404567
Psen1,0.97214665
Psen2,0.709223359
Psma1,1.21553332
Psma4,0.166593325
Psma6,0.399933351
Psma7,1.213493316
Psmb1,1.388966657
Psmb10,1.051313316
Psmb3;Gm5356,0.780733333
Psmb8,0.774013342
Psme1,0.556066681
Pstpip1,0.41043333
Ptbp1,1.626666717
Ptgs1,0
Ptp4a2,1.229566683
ptplad1,0.243716663
Ptpn1,0.827576671
Ptpn23,1.181819998
Ptpn6,1.285463489
Ptpn9,1.028643324
Ptpra,1.673600118
Ptprc,2.046700025
Ptpre,0.956793317
Ptprj,1.42463335
Ptpro,0
Ptrh2,0.526666682
Pttg1ip,0.778430008
Pxk,0
Pzp;A2m,0.585233334
Qki,1.115636621
Rab10,1.203266693
Rab11a,0.369343319
Rab11b;Rab11a,1.053380007
Rab11fip5,0.950190008
Rab12,1.304066688
Rab13,1.262300021
Rab14,1.835733286
Rab18,0.868763329
Rab19,0.665959964
Rab1A;Rab1,0.9812433
Rab1b,0.937123339
Rab21,1.145633338
Rab22a,1.383466681
Rab23,0.920646675
Rab27a,0.356766661
Rab2a,1.287466634
Rab31,1.168800062
Rab32,0.889279999
Rab33b,0.331803342
Rab34,0.447266652
Rab35,1.279333363
Rab39a,1.126866696
Rab3a,0.263186683
Rab3d,0.739339995
Rab4b,1.227233305
Rab5a,1.165333318
Rab5b,1.09960329
Rab5c,1.120433323
Rab6a,1.14037663
Rab6a;Rab6b,0.731200012
Rab7a,1.157586647
Rab7b;5430435G22Rik,0.743300014
Rab7l1,0.75363334
Rab8a,1.219600046
Rab8b,1.10700336
Rab9a;Rab9,1.02739665
Rabl3,0.640586651
Rac1;Rac3,1.432833323
Rac2,1.535700038
Rala,1.057716683
Ralb,1.175210006
Raly;C130057N11Rik,0.503133341
Ran;1700009N14Rik,1.218966683
Ranbp1,0.548499996
Ranbp2,0
Rangap1,0
Rap1a,0.97317335
Rap1b,1.120766639
Rap2a,1.028306647
Rap2b,0.995823332
Rap2c,1.251033352
Rasa3,0.560066677
Rasa4,0.717786662
Rassf4,0
Raver1,0.268863347
Rbbp4,0.879313316
Rbm25,0.950659999
Rbm3,0.743219998
Rbmx;Rbmxl1,0.851033316
Rbp4,1.086366652
Rcc1,1.257366685
Rcn2,0.749653342
Rcor1,0.762616682
Rdh11,1.015800009
Rdh14,0.577319999
Rdx,1.308833342
Reep5,0.814070021
Rer1,0.368433308
Rftn1,1.692299955
Rgs1,0.837243314
Rgs10,1.755709903
Rgs18,1.148973352
Rgs19,1.107000001
Rgs3,0
Rhbdf2,0
Rhoa;Rhoc,1.453633327
Rhob,0.995269989
Rhog,1.006369988
Ripk1,1.200570009
Ripk3,1.372966645
Rit1,0
Rnaset2,0.74588333
Rnd1,0
Rnd3,0.386466669
Rnf128,0.751083333
Rnf13,0.815570001
Rnf213,0.900570021
Rnh1,1.194883356
Rock1,1.027856658
Rock2,1.047966679
Rod1;Ptbp3,0
Ros1,0
Rp2,1.044956689
Rpl10;Rpl10l,0.77336993
Rpl10a,1.452833307
Rpl12;Rpl12-ps1,1.529466631
Rpl13;Rpl13-ps3,1.232869984
Rpl14,0.838443329
Rpl17,0.758870005
Rpl21;Gm9104;Rpl21-ps6,0
Rpl22,1.140516523
Rpl22l1,0.764923357
Rpl23,1.357699985
Rpl23a-ps3;Rpl23a;Gm10335;Gm3940,0.927303305
Rpl24,0
Rpl26,1.017523318
Rpl27,0
Rpl28,0.82279999
Rpl3,0.996473349
Rpl30,1.439266619
Rpl31;Gm16382,1.313966666
Rpl34;Gm2178,0
Rpl35a,1.262933359
Rpl37a,1.158933298
Rpl38,1.377399951
Rpl4,0
Rpl5,0.900596685
Rpl6;Gm5428,0.844939993
Rpl8,0.123873329
Rpl9;Rpl9-ps6,1.340000041
Rplp0;Gm8730,1.240920034
Rplp1;Gm10073,1.157643335
Rplp2,1.178183326
Rpn1,0.87866001
Rpn2,0.952499982
Rprd2,0.674936641
Rps10,1.585166671
Rps11,1.168933366
Rps12,1.247666662
Rps13,1.333166631
Rps14,1.422566667
Rps15,1.550299848
Rps15a,1.213633343
Rps16,1.746100002
Rps17,1.343599967
Rps19;Rps19-ps13;Rps19-ps1,1.477633317
Rps2;Rps2-ps6;Gm6576;Rps2-ps5;Gm8225,0.681723296
Rps20,1.473733375
Rps21,1.164940025
Rps23,0.477119994
Rps25,1.381499994
Rps26,0
Rps27a,0.371666664
Rps27l,1.438233387
Rps28,1.52780001
Rps3,1.583866629
Rps4x;Rps4y2,1.017890029
Rps5,1.449666662
Rps6,0.97152998
Rps6ka1,0.995586682
Rps7;Gm9493,0.996950006
Rps8;Gm11353,0.348799984
Rps9,0.631866638
Rpsa-ps10;Rpsa,1.266833346
Rptor,0
Rraga;Rragb,0.77994668
Rragc,0.635743348
Rras,1.10043335
Rrbp1,0.919486655
Rsad2,1.317843324
Rsu1,1.356233316
Rtn1,0.621696644
Rtn4,0.93337333
Rtn4Q8BH78;Q8BHF5;Q99P72-1,0.807040001
Rufy1,1.670266801
Rufy2,0.943083314
Ruvbl1,0
S100a10,3.135300317
S100a11;Gm7665,1.246199964
S100a13,0
S100a4,1.41866671
S100a6,1.243863336
Saa3,1.472033435
Sacm1l,0.88555335
Samm50,0.63632666
Sar1a,1.726300357
Sarnp,1.051296647
Sash3,0.562113365
Scamp1,0.890806687
Scamp2,1.223233292
Scamp3,1.028086645
Scamp4,1.037929994
Scarb1,1.372766636
Scarb2,0.682636684
Scfd1,0.918576658
Scp2,0.818313319
Scpep1,0.860296673
Scyl2,1.769000035
Scyl2Q8CFE4,1.153000003
Sdc4,0
Sdcbp,1.389999974
Sdf2l1,0.492019986
Sdha,0.834020014
Sdhb,0.759376678
Sec11a,0.578666684
Sec13,0.222266681
Sec16a,0.411
Sec22b,0.914846648
Sec23b,1.376500018
Sec24b,1.5430665
Sec24c,0.241020005
Sec31a,0.697633149
Sec61a1;Sec61a2,1.229166677
Sec62,0.497746665
Sel1l,0.389100004
Sema4d,0.864666652
Serbp1,1.014319998
Serinc1,0.823176681
Serinc3,1.092383364
Serpinb6a;Serpinb6,0.935889995
Serpinc1,0.362333348
Sf1,0.838293321
Sf3b4,0
Sfn,0.421300023
Sfpq,1.069286643
Sft2d2,0
Sfxn1,0.413579994
Sfxn3,0.765740028
Sgpl1,0.791113319
Sh3bgrl3,1.433333329
Sh3bp1,0.939339984
Sh3bp2,0.263083341
Sh3gl1,0.981299967
Sh3glb1,1.169400028
Sh3glb2,0.42386666
Sh3kbp1,0.461699988
Sh3pxd2b,1.166760009
Shmt2,0.847703313
Siae,0.89281668
Sidt2,0.711329997
Siglec1,1.58720001
Sigmar1,0.903716677
Sipa1,0
Sirpa,0
SirpaE0CYM8;P97797;E9QPT7;P97797-3,1.605733287
Sirt2,2.481866674
Skap2,1.33193332
Skp1,0.894893329
Slc11a1,1.137900035
Slc12a4,1.167833341
Slc12a6,0.323566674
Slc12a7,1.212000024
Slc12a9,0.658226678
Slc15a3,0.492313293
Slc15a4,0.639329984
Slc16a1,0.937233331
Slc16a10,0.261509996
Slc16a3,1.398066685
Slc17a5,0.521120012
Slc1a5,0.947266672
Slc23a2,1.646833109
Slc25a1,0.81329335
Slc25a10,0
Slc25a11,0.711466682
Slc25a12,0.877316647
Slc25a13,0.645543363
Slc25a24,0.760966677
Slc25a3,0.689469983
Slc25a4,0.66668335
Slc25a5,0.714126663
Slc26a11,0.580249949
Slc29a3,0.742363323
Slc2a1,1.801966862
Slc2a6,0.781050013
Slc2a8,0.791199999
Slc30a7,0.701756672
Slc31a1,0.725683326
Slc36a1,0
Slc37a2,0.713939988
Slc38a2,1.037683342
Slc38a7,0.690936664
Slc38a9,0.745520013
Slc3a2,1.778833234
Slc43a2,1.716033511
Slc44a2,1.516666701
Slc46a3,0.230093351
Slc48a1,0
Slc4a2,1.652366588
Slc4a7,0
Slc6a6,1.564599991
Slc7a1,0
Slc7a5,1.941933593
Slc7a8,1.513056515
Slc9a6,1.571200119
Slc9a9,1.127033321
Slco4a1,1.583166642
Smap1,1.260789999
Smap2,1.611433443
Smarca5,0.326403339
Smarcc2,0
Smc1a,0.516336692
Smc2,0
Smpd1,0.720926688
Smpdl3a,0.728949998
Smpdl3b,1.170099945
Snap23,1.668033098
Snap29,0.501833328
Snapin,0.74494666
Snd1,1.13703331
Snf8,0
Snrpa;Gm5145,0
Snrpc,0
Snrpd3,0.853643334
Snrpn;Snrpb,0.68113331
Sntb2,0.389999992
Snx1,1.13926334
Snx11,0.821829996
Snx12,1.498166656
Snx16,1.378866677
Snx17,1.379300006
Snx2,1.134133348
Snx20,1.428466521
Snx27,1.609700095
Snx29,1.338486604
Snx3,1.651099984
Snx30,0.712086688
Snx4,1.848866506
Snx5,1.138966641
Snx6,0.83147331
Snx8,1.87043332
Sod1,0.653196684
Sod2,0.710423343
Spag7,0.549230058
Spcs2,0.862856666
Spcs3,0.602083341
Spe39,1.220949986
Specc1,0.983633317
Spg20,1.109900007
Spg21,0.940666686
Sphk2,0.983073326
Spn,1.649066671
Spns1,0.833440015
Sppl2a,0.715429987
Spryd7;6330409N04Rik,1.48596689
Sptbn1,1.093973348
Sptlc2,0.268873337
Sqrdl,0.883116625
Sqstm1,1.050600002
Sri,1.658180387
Srp14,0
Srp19,0.176566665
Srp54;Srp54c,0.882889996
Srp68,1.133966635
Srp9,0.701666553
Srsf3;Gm12355,0
Ssr1,0.791203324
Ssr3,0.630119993
Ssr4,1.066006664
Ssrp1,0.79566663
St13,0.722983306
St3gal1,0.296829997
Stab1,1.14572668
Stam,0.469733307
Stam2,0.393199993
Stambpl1,0
Stard3,0.954936679
Stard3nl,0.575056698
Stat1,0.868033334
Steap3,1.60606664
Stk11ip,0.738143341
Stk24;Mst4;2610018G03Rik;Stk25,0.995500005
Stk3,0.585433334
Stk38,0.408300008
Stmn1,1.04576631
Stmn2,0.236933336
Stom,1.030823354
Strn,0.914533335
Sts,0.518830052
Stt3a,0.943663344
Stx11,0.505700006
Stx12,0.966429983
Stx16,0
Stx17,1.166146661
Stx2,1.204523358
Stx3,0.99896665
Stx4,1.656266669
Stx5;Stx5a,0
Stx6,1.2664867
Stx7,0.926896677
Stx8,0.844353346
Stxbp1,1.473166749
Stxbp2,1.327766666
Stxbp3,1.736266768
Stxbp5,1.087399965
Sub1,0.684369985
Sucla2,0.263850002
Suclg1,0.842526682
Sugp1,0.905083331
Sumo2;Sumo3,0.874049995
Sun2,0.857593343
Surf4,0.845733319
Swap70,0
Syk,0.835729986
Syncrip,1.10762669
Syngr1,0.82104666
Syngr2,0.54962001
Synrg,1.177466676
Sypl1;Sypl,0.930033348
Tagln2,1.998400328
Taok3,0.617599978
Tap1,0.932020017
Tap2,0.922643351
Tapbp,0.850143327
Tardbp,1.408986682
Tbc1d22a,0
Tbc1d2b,0
Tbc1d5,0.815040001
Tbl1x,1.239633334
Tbxas1,0
Tceb1,1.101866661
Tceb2,0.401726701
Tcirg1,0.657243333
Tcof1,0.35893333
Tcp1,1.233766553
Tdrd7,1.185566693
Tecpr1,0.277156664
Tecr,0.899559978
Tes,0.791973327
Tex264,0
Tfe3,0.81437
Tfrc,1.327299986
Tgfbi,1.298623645
Tgm2,0.211196671
Themis2,0.51684332
Thrap3,0.76293999
Timm44,0.799703348
Timm50,0.290476649
Timm9,0
Tkt,1.558866858
Tln1,1.30309998
Tlr13,0.624703326
Tlr2,1.046493313
Tlr3,0.541393344
Tlr7,0.602910016
Tlr8,0.694663357
Tlr9,0.496843335
Tm7sf3,0.769296682
Tm9sf1,1.049010015
Tm9sf2,1.158266668
Tm9sf3,0.90396332
Tm9sf4,0.916816641
Tmco1,0.869699986
Tmed10,0.874556651
Tmed2,0.931833362
Tmed4,0.899179987
Tmed5,0.778666519
Tmed7,0.873343357
Tmed9,0.894969995
Tmem104,0.669870008
Tmem106a,0.821866671
Tmem106b,1.02556
Tmem106c,0.876166667
Tmem109,0.738663336
Tmem120a,0.10590668
Tmem144,0.638506666
Tmem14c,1.327599947
Tmem165,0.962653292
Tmem173,0.333186666
Tmem175,0.934646672
Tmem176b,0
Tmem179b,1.049683342
Tmem192,0.639046665
Tmem206,1.525966625
Tmem30a,0.762046671
Tmem43,0.987573339
Tmem55a,0.776873322
Tmem55b,0.771636687
Tmem63a,0.789386677
Tmem87a,0.810579981
Tmem9b,1.153329996
Tmpo,0.994253316
Tmsb4x,1.701316619
Tmx1,0.748569982
Tmx2,0.271593338
Tmx3,0.777819999
Tmx4,0.565773313
Tnf,0
Tnfaip2,0.274723323
Tnfaip8l2,0
Tnfrsf23,1.052716659
Tns1,0.241913334
Tollip,0.817783333
Tom1,0.624149992
Tomm40,0.835923354
Tomm70a,0.169179996
Top2a,0.415433338
Tor1aip1,0.92638333
Tor1aip2,0.735823341
Tor3a,0.352433324
Tpcn1,1.172566647
Tpcn2,0.876139992
Tpd52,0.855759996
Tpd52l2,1.195833339
Tpi1,1.397866642
Tpm3-rs7;Tpm3,1.331459861
Tpm4,0.886163333
Tpp1,0.858630012
Tpt1,0
Trafd1,0.747369991
Trem2,1.164843308
Trex1,0.846023308
Trim14,0.832116689
Trim21,0
Trim28,0
Trpv2,1.908933323
Tsen34,0
Tsg101,0.826570011
Tspan14,0.83323333
Tspan31,0.769466676
Ttc35,0.604329995
Ttk,0.268863347
Ttn,1.020373322
Ttyh2,0
Ttyh3,0.511986667
Tuba1a;Tuba3a,0.371733342
Tuba1b,1.284466685
Tuba4a,0.993916618
Tubb4b,1.325633343
Tubb5,1.494599966
Txn,1.100993371
Txndc12,0.525493343
Txndc5,0.974073316
Tyrobp,1.938299779
Uba1,0.745866662
Ubap2,0.333030005
Ubap2l,1.296033318
Ube2d3;Ube2d2,0.68869996
Ube2l3,1.273586586
Ube2n,1.475573327
Ubl3,0.896310041
Ubl5;Gm2001,0.760963319
Ubtf,0
Ubxn4,0.548966683
Ufd1l,1.116376649
Ufm1,0
Uggt1,0.915433292
Ugt1a7c,0.885769968
Unc13d,0.433380014
Unc93b1,0.794050011
Upf1,0.4862
Uqcrb,0.646260004
Uqcrc1,0.747843358
Uqcrc2,0.808303358
Uqcrfs1,0.667796704
Uqcrh,0.416863337
Usmg5,0.791199989
Usp12;Usp46,0.777543314
Uvrag,1.116033333
Vac14,0.590573327
Vamp3,1.355059995
Vamp4,0.608376672
Vamp7,0.975933342
Vamp8,0.852190011
Vapa,0.778450005
Vapb,0.821960004
Vasp,0.99170333
Vat1,0.832329986
Vcp,0.931436653
Vdac1,0.708340005
Vdac2,0.697593322
Vdac3,0.721186674
Vim,0.928613331
Vmp1,0.450799993
Vps11,1.214433353
Vps13c,0.898370009
Vps13d,0
Vps16,1.154900005
Vps18,1.139366679
Vps26a,1.462133352
Vps26b,1.537999958
Vps28,0.870626667
Vps29,1.276433328
Vps33a,1.246633303
Vps33b,1.647333342
Vps35,1.375466703
Vps37b,0.679453348
Vps37c,0.871000025
Vps39,1.13536665
Vps41,1.064276645
Vps45,1.274236671
Vps4a,0.979999871
Vps4b,1.269700019
Vta1,0.847986678
Vti1a,1.018529992
Vti1b,0.777766693
Vwa5a,0.796876651
Was,0.993853327
Wasf2,0.334800005
Wash1,1.329899961
Wbp11,0.774183349
Wdfy2,1.531866689
Wdfy4,1.524366657
Wdr1,1.539799992
Wdr41,0.233586678
Wdr45l,1.001479976
Wdr5,1.309733364
Wdr7,0.868910004
Wdr70,0
Wdr81,1.169236637
Wdr91,1.196580027
Wipf1,1.025536668
Wnk1,0.948986686
Wwp1,0.769999982
Wwp2,0.936890003
Yipf3,0.35616668
Ykt6,1.875649702
Ythdf3;Ythdf1,1.127713331
Ywhab,1.252566712
Ywhae,1.037323335
Ywhag,1.164299989
Ywhah,1.16356666
Ywhaq,0.901596662
Ywhaz,1.241599989
Zadh2,0.502773321
Zc3hav1,0.878589993
Zdhhc20,0.481176677
Zfand2a,0.543796661
Zfyve19,0
Zmiz1,0.534543334
Zmpste24,0.653690015
Znf703,0.573553331
Znrf1,1.393766648
Znrf2,0
Zyx,1.161100217
0,1.024376728
Q9DAM7,0.772933325
Q8K039;D3YWR8,0.70259005
Q9D735,0
Q9D6W8,0.457799978
Q9D0B6;Q9D0B6-2,0.739426662
Q8CAQ8-3;Q3TZK4;E9PVS5,1.692233364
Q7M6Y3-5;Q7M6Y3-3;Q7M6Y3-2,0.744983305
Q3TYS2,0.697389987
P17047-3,0.163046627
Q5F285,0
Q9CRC6,0.248399986
J3QNB0;Q9CQE8,0.930600013
Q6PIU9,0
Q9ES97-3,0.478903283
Q8VE96;D6RHL1,0.698299817
Q8C708,0.123066628
Q8K1J5,1.214246694
P10404,0
Q8R239;Q8R239-3;Q8R239-2,0.366566665