Gene names,2015 Dill IgG Late
Septin-2,0.881536665
Septin-7,0.871499986
Septin-8,0.890040002
Septin-9,0.79250666
Septin-11,0.690183352
15 kDa selenoprotein,0
0610031J06Rik,1.190333353
1700112E06Rik,0.929846653
2310022A10Rik,0.710983339
2410018M08Rik;Chchd2,0
2810422J05Rik;Uba52;Ubc;Ubb,0.359949969
4632428N05Rik,0.561346676
4732456N10Rik,5.711966618
5031439G07Rik,1.00610663
9030624J02Rik,0.59222332
Aak1,1.124166668
Abca3,1.112599953
Abcb11,0.527290007
Abcb1b,0.629426693
Abcb6,1.105200027
Abcc1,0.541003326
Abcc3,0
Abcd1,0.913666673
Abcd3,0.854539997
Abcd4,1.201366666
Abcf2,0.346766671
Abhd12,1.006826642
Abi1,1.223166653
Abr,0.728623342
Acaa1a;Acaa1b,1.070903298
Acaa2,1.120153315
Acadl,1.004106703
Acadm,0.953573338
Acads,0.768813349
Acadvl,0.813666653
Acap2,0.797090027
Acat1,1.06042666
Acbd3,0
Aco2,1.0025133
Acot13,1.208166686
Acox3,1.040039998
Acp2,1.208400036
Acp5,0.259256668
Acsl1,0.559810003
Acsl4,1.015446705
Acsl5,1.015883312
Actc1;Acta1;Acta2;Actg2,0.935963338
Actn1,0.372066653
Actn4,0.960366664
Actr1a;Actr1b,0.267250009
Actr2,0.921353333
Actr3,0.87166003
Adam10,0.822343304
Adam17,0.968879994
Adam8,0.632956618
Adam9,0.724266684
Adcy7,0
Aga,0.393013394
Agfg1,1.624800168
Agfg2,1.511840091
Agps,0.912623329
Agtrap,0.652686674
Ahnak,1.017216656
Ahnak2,1.091303301
Ahnak2F7CVJ5,0.976916651
Ahnak2E9PYB0,1.209913338
Ahsa1,0.617023327
AI607873,0.992866679
Aif1,0
Aifm1,1.03966999
Aifm2,1.026786659
Akap10,1.384100037
Akr1a1,0
Akr1b1;Akr1b3,1.027130029
Alcam,0.570109998
Aldh2,0.964563345
Aldh3a2,0.86126001
Aldh3b1,0.723939992
Aldh9a1,0.881149998
Aldoa;Aldoart1,1.072633309
Alg2,0.625059999
Alg5,0.378233302
Alox5,0.656363333
Alox5ap,0.412229986
Alyref;Alyref2;Refbp2,0.349166671
Ankfy1,1.020163368
Ankh,0.924063418
Anln,2.681600193
Ano6,0
Anp32b,0.293039998
Anpep,0.502453288
Antxr2,0.637273337
Anxa1,0.945736689
Anxa11,0.507443361
Anxa2,1.032070021
Anxa3,0.637213317
Anxa4,0.774196675
Anxa5,0.943583391
Anxa6,1.631830201
Anxa6P14824,0.853976691
Anxa7,0.840273339
Aoah,1.258843358
Ap1b1,1.106433338
Ap1g1,1.009613315
Ap1g2,0.452853334
Ap1m1,1.125726666
Ap1s1,1.39750002
Ap1s2,1.550389816
Ap2a1,0.80517335
Ap2a2,0.983283333
Ap2b1,0.930916655
Ap2m1,0.757966666
Ap2s1,0.944960027
Ap3b1,1.281500027
Ap3d1,0.93578666
Ap3m1,1.194066675
Ap3s1,1.246206652
Ap3s2,1.161566678
Aph1a,0.640013331
Apmap,1.075149998
Apoa1bp,0
Apob,0.822226668
Apobr,1.016850018
Apoe,0.671983336
App,0.600550039
Apr3;0610007C21Rik,0.971300003
Araf,1.327499986
Arap1,0.833743361
Arf3;Arf1,1.503999973
Arf5,0.242733342
Arf6,1.98886667
Arfgap1,0.901633331
Arfgap2,1.871499814
Arfgap3,1.016273336
Arfip1,1.081166467
Arfrp1,1.189033352
Arhgap1,0.79118669
Arhgap17,1.110133343
Arhgap22,0.389266635
Arhgap25,1.222866669
Arhgap30,0.990833325
Arhgap4,1.138386681
Arhgap9,0.951699817
Arhgdia,0.793653336
Arhgdib,1.00235001
Arhgef1,1.415333295
Arhgef10l,0.920213351
Arhgef2,1.058113338
Arhgef7,1.077389988
Arl1,0.969596644
Arl4c,1.393099981
Arl6ip5,0.998923327
Arl8a,1.250099987
Arl8b,1.764900139
Armc10,0
Arpc1b,0.669823317
Arpc2,0.852543336
Arpc3,1.608966637
Arpc4,0.874589988
Arpc5,0.823613342
Arpp19,2.727900497
Arrb2,0.694816644
Arsa,0.863993346
Arsb,0.978579999
Arsk,0.760476655
Asah1,1.410433346
Asah2,0.948493316
Asph,0.930339989
Ass1,0.24947333
Atad1,0.258926674
Atl3,1.083216641
Atp11a,1.157866663
Atp11c,0.743246689
Atp13a2,1.220400015
Atp1a1,0.585209964
Atp1a3,0.618549983
Atp1b3,0.616433336
Atp2a2,1.003806658
Atp2a3,0.336899997
Atp2b1,0.643936672
Atp2b3,1.053643339
Atp5a1,1.095100007
Atp5b,1.323566618
Atp5c1,1.026023323
Atp5d,1.043836703
Atp5f1,1.076799974
Atp5h;Gm10250,0.944426665
Atp5i;Atp5k,0.428599983
Atp5j,1.136133353
Atp5j2,0.952460032
Atp5l;Atp5l-ps1,0.943379988
Atp5o,1.005879995
Atp6ap1,0.805326692
Atp6ap2,1.650566506
Atp6v0a1,1.000329992
Atp6v0c,1.049280019
Atp6v0d1,1.113833328
Atp6v0d2,1.310699994
Atp6v1a,1.261100011
Atp6v1b2,1.194800021
Atp6v1c1,1.037666677
Atp6v1d,1.137600014
Atp6v1e1,1.326066631
Atp6v1f,1.038256673
Atp6v1g1,1.305566635
Atp6v1h,1.102566686
Atp8a1,1.212166626
Atp9b,0.780810002
Atpif1,1.224873332
Atrn,0.623489997
Atxn2l,0.984466632
Aup1,0.388899989
B2m,1.011000011
B4galnt1,1.050396643
B4galt1,1.080216675
Bag3,1.571233334
Bak1,0.32359
Banf1,1.059366645
Basp1,1.42676667
Bax,0.742663337
BC017647,0.162163327
Bcap31,0.927809983
Bcat2,0.453633346
Bcl7b,0.339600006
Bclaf1,0.284273318
Becn1,0.826149993
Bin1,0.24121334
Bin2,1.613899989
Birc6,0.547500011
Blmh,0.643013324
Blnk,1.282166675
Bloc1s1,1.484666708
Blvrb,0.628836648
Bmp2k,0.723333352
Bola1,1.456966483
Bphl,1.439133337
Bri3,0.748786693
Bst1,0.16377664
Bst2,0.924693346
Btd,0.232756667
Btf3,1.359233351
C1qa,0
C1qb,1.16863665
C1qbp,1.06808332
C1qc,0.859833325
C3,0.463766655
C3ar1,0
C5ar1,0.749566691
Cab39,0.692063319
Cacybp,0.494146601
Cadm1,0.462549939
Calm1;Calml3,0.332886707
Calr,0.864950015
Calu,0.663450039
Camk2d,0.62963668
Canx,0.901963341
Cap1,0.929789984
Capg,1.36039998
Capn1,1.260766682
Capn2,1.385666681
Capn5,0.765200012
Capns1,1.424456684
Caprin1,1.20386005
Capza1,0.889230028
Capza2,0.923286656
Capzb,1.012339986
Cast,1.283400024
Cat,0.807406643
Cbl,1.488533325
Cbr2,1.207893328
Cbx3,0.953483305
Cc2d1b,1.507499897
Ccdc115,1.298866654
Ccdc12,2.168910199
Ccdc22,0.933003327
Ccdc50,0.838133313
Ccdc53,0.172230004
Ccdc75,1.173276683
Ccdc88b,0
Ccdc93,0.862826661
Cct2,0.898796675
Cct3,0.966610025
Cct4,1.271183357
Cct5,0.977419971
Cct6a,0.520459988
Cct7,1.132099964
Cct8,0.59152332
Ccz1,1.081503309
Cd14,0.639936662
Cd151,0.32135004
Cd180,1.323533377
Cd1d1;Cd1d2,1.522699995
Cd200r1,0.376649999
Cd2ap,0.461036656
Cd300a,0.704766671
Cd300lh;OTTMUSG00000003606,0.627923305
Cd36,0.73967668
Cd44,0.685049998
Cd47,0.538950018
Cd48,0.423500054
Cd5l,0.83374
Cd63,0.73848998
Cd68,0.905283316
Cd72,0.65518665
Cd74,1.062190013
Cd81,0.440063394
Cd82,0.450636665
Cd84,0.540420023
Cd9,2.502803079
Cd93,0.716436664
Cdc42,1.223266615
Cdc42bpb,0
Cdc42ep4,0.981810013
Cdca3,1.377349874
Cdipt,1.124130011
Cdk1,1.200133296
Cdk14,0.523859998
Cdk18,1.168333318
Cdk2;Cdk3,1.451200006
Cdk5,1.93073316
Cdkn1b,0
Cds2,0.739783325
Cenpe,0
Cep41;Tsga14,1.073933291
Cep55,1.201956796
Cers2;Lass2,1.203293316
Cfl1,1.19196665
Cfp,0.219743333
Chchd3,1.002203309
Chd4,0
Chd6,0.538666705
Chi3l3,0.755793344
Chi3l4,0.690776654
Chmp1a,1.12027333
Chmp2a,1.67504671
Chmp2b,1.508533338
Chmp4b,1.592233364
Chmp5,1.628533307
Chmp6,1.802333118
Cisd1,0.268883326
Cisd2,1.089909997
Ckap4,1.028756633
Ckap5,1.921599826
Ckb,1.000876642
Clcn5,0.702066667
Clcn6,0.264546677
Clcn7,1.07081331
Clec10a;Mgl1;Mgl2,0.750466684
Clec12a,0.716566649
Clec4e,0
Clic1,0.972629975
Clint1,1.709600191
Cln3,1.342899948
Cln5,1.496733286
Clptm1,0.627603331
Clrn2,0.398366655
Clta,1.102116665
Cltc,0.982976689
Cmtm6,0
Cndp2,1.007950008
Cnn2,1.759566758
Cnot4,0.4936
Cnp,1.124426677
Cnpy2,0.259406673
Cnpy3,0.871386667
Cnpy4,0.39202663
Col4a4,0.163153348
Col6a3,0.282753326
Colec12,0.322016677
Commd1,0.967420018
Commd10,0.743400006
Commd2,0.868723326
Commd3,0.863443334
Commd4,0.765319989
Commd5,0.793339999
Commd6,0.891703326
Commd7,0.729549993
Commd8,1.53663336
Commd9,0.949743356
Comt,1.668599797
Copb2,0.254253334
Coro1a,0.85838665
Coro1c,0.802859993
Coro2a,0.983333312
Cotl1,1.048056635
Cox4i1,0.937503323
Cox4nb,0.593599997
Cox5a,0.927786691
Cox5b,1.082383296
Cox6a1,1.004133309
Cox6b1,1.332100021
Cox6c,0.807276673
Cox7a2,0.92276328
Cox7c,0.978746673
Cpd,0.428963332
Cpne1,0.564190011
Cpne2,1.897366843
Cpne3,0.397753384
Cpq,0.929339984
Cpt1a,0.723573333
Cr1l,0.610669975
Creg1,0.973873323
Crip1,1.684666645
Cs,0.994133332
Csf1,0.495336684
Csf1r,0.593493334
Csf2ra,0
Csk,0
Csnk1a1,1.124833345
Csnk1g3,0.33920002
Csnk2b,0.54807334
Csrp1,1.96200023
Cst3,0.628419999
Cst7,0.252593339
Cstb,1.27152331
Ctbs,0.896166671
Ctdsp1,1.08894997
Ctnnd1,0.91849998
Ctsa,0.963230011
Ctsb,1.112566668
Ctsc,0.937673317
Ctsd,1.089033342
Ctsf,1.308799999
Ctsh,1.115393341
Ctsl1,1.042186629
Ctso,0
Ctss,0.807879972
Ctsz,0.792020006
Cttnbp2nl,1.172933327
Cuedc2,1.217833357
Cux1,0
Cwc15,1.798399992
Cxcl2,0
Cyb5a;Cyb5,1.006133317
Cyb5b,0.728860009
Cyb5r3,0.895243325
Cyba,0.957943331
Cybb,0.963623324
Cyc1,0
Cyfip1,0.912816667
Cyp20a1,1.060566643
D10Jhu81e,0.974540008
D10Wsu52e,1.038666669
D17Wsu104e,0.724296644
Dab2,1.157550045
Dad1,1.027873298
Daglb,1.134323316
Dars,0
Dbi,0.677713315
Dbr1,1.112499978
Ddb1,0
Ddost,1.041713376
Ddrgk1,0.260723332
Ddx1,0.966476673
Ddx39b;Ddx39a,1.100899985
Ddx3x;D1Pas1,1.176429959
Ddx3y,0.609260004
Ddx42,1.114143321
Ddx46,0.885550028
Ddx5,0.968110022
Decr1,0.42033334
Degs1,0.800350003
Dek,1.05993335
Dennd1a,1.304166682
Dhrs1,0.994463344
Dhrs4,0.723099975
Dhrs7,1.004826704
Dhx15,1.17676667
Dhx9,0.28049666
Diap1;Diaph1,0.91774002
Diap2;Diaph2,1.236266681
Dirc2,0.836439956
Dlat,0.777186668
Dld,0.729813354
Dlst,1.036556649
Dmxl1,1.357599963
Dnaja1,1.089456667
Dnaja2,0.946860006
Dnajb11,0.987306667
Dnajb6,1.198600007
Dnajc13,0.452009915
Dnajc3,1.135030003
Dnajc5,1.445233252
Dnajc8,1.271633341
Dnajc9,0.84439999
Dnase1l1,0.588570012
Dnase2;Dnase2a,1.045343332
Dnm2,1.408666633
Dnm3,0
Dock2,0.886783348
Dock8,0.854856657
Dok1,0.509800007
Dok2,1.454666633
Dok3,2.056667129
Dpep2,0
Dpm1,0.873376683
Dpp7,1.002493351
Dpysl2,0.936376643
Dram1,1.111513384
Dram2,0.732640301
Drg1,0.146536656
Dscr3,0.928016637
Dstyk,0.921633349
Dtx3l,0.463963334
Dusp22,0.454999992
Dusp3,0
Dync1h1,0.809163326
Dync1i2,0
Dync1li1,1.901032955
Dynll2,0.682759998
E030010N08Rik,0.159776651
Ear2;Ear3,1.180056668
Ece1,0.687290049
Echs1,1.06555999
Edil3,1.153333337
Eea1,0.44658329
Eef1a1,1.264799985
Eef1b,0.326526661
Eef1d,0.327869991
Eef1g,0.83115334
Eef2,0.902986645
Efhd2,1.083963318
Ehbp1l1,0
Ehd1,1.52368647
Ehd4,1.531030132
Eif1a;Eif1ax,0.607833333
Eif2s1,0.682199995
Eif2s3x;Eif2s3y,0.736609987
Eif3d,0.913110004
Eif3l,0
Eif4a1;Eif4a2,0.996106695
Eif4e,1.144063333
Eif4e2,0.417800001
Eif4enif1,0
Eif4g1,1.232969973
Eif4g2,1.160903318
Eif4h,2.219833655
Eif5a;Eif5a2,1.045600024
Eif6,1.116480002
Elavl1,0.918913339
Elmo1,0.949639983
Elmo2,0.873933349
Elovl1,0
Emb,0.793346675
Emd,1.458833303
Emp2,0.65179666
Emr1,0.738646665
Endod1,1.22456669
Eno1,0.937766695
Ensa,1.007533284
Entpd1,0.496763287
Eny2,1.181126694
Epb4.1;Epb41,0.737743345
Epb4.1l1;Epb41l1,0.382200004
Epb41l2,0.678713338
Ephx1,0.951409975
Eppk1,0.986866641
Eps15l1,1.38556668
Erap1,2.814019909
Erbb2ip,0.167053336
Ergic1,0.389566655
Erh,1.324663548
Erlin1,0.951943345
Erlin2,1.032683362
Erp29,0.900183329
Erp44,0.934846683
Esd,1.03992339
Esyt1,0.735846695
Esyt2,0.781743322
Etf1,2.124166964
Etfa,0.841213323
Etfb,0.95263333
Etfdh,0
Evi2a,0
Evi2b,0.633669931
Evl,1.448006688
Ewsr1,0.993986665
Ezr,0.960973322
F13a1,0
Faf2,0.78104335
Fam108b1,1.280599982
FAM120A,0
Fam125a,0.998440011
Fam129a,1.215400006
Fam129b,0.97357001
Fam168a,1.397800008
Fam177a1,0.138796635
Fam195b,0
Fam21,0.666966676
Fam26f,1.339823341
Fam3c,1.07303329
Fam45a,0.787583303
Fam49b,0.887323362
Fam50a,2.273799614
Fam54b,1.117433321
Far1,0.744873306
Farsa,0.378700019
Farsb,0.707170014
Fbln2,0
Fcer1g,0.915953356
Fcgr1,0.751649995
Fcgr2;Fcgr2b,0.152116705
Fcgr3,1.445100304
Fcgr3P08508,0.62156002
Fcgrt,0.550256637
Fcrls,0.644950004
Fdps,0.810666621
Fen1,2.018399875
Fermt3,0.993916695
Fes,1.366400037
Fh,1.004419991
Fis1,1.442033484
Fkbp15,0.815993327
Fkbp2,1.00199001
Fkbp8,0.998899996
Flcn,0.302816663
Flna,0.966833338
Flnc,0.243490007
Flot1,1.047199967
Flot2,1.05389332
Fmnl1,1.060913325
Fn1,0.385849945
Fnbp1,0.530000013
Folr2,0.63973334
Frmd8,0.669270007
FRRS1,0.558276652
Fth1,0.488243316
Ftl1;Ftl2,0.446019997
Fuca1,0.785390005
Fuca2,0.893593317
Fus;Taf15,0.209623331
Fxyd5,0
Fyb,1.821333301
Fyco1,0
Fyn,1.100533324
G3bp1,1.080103361
G3bp2,1.039236641
G6pdx,0.928356672
Gaa,0.963956679
Gabarap;Gabarapl1,0.489766703
Gabarapl2,0.909786688
Gak,1.74006649
Galc,1.391733297
Galns,0.447416659
Galnt2,0.789203317
Galnt7,0.861760031
Ganab,0.964153329
Gapdh;Gm7293;Gm6316,1.115833308
Gas7,0.802600244
Gba,1.230333322
Gbp5,0.909159985
Gclm,0
Gdap2,1.337366603
Gdi2,0.730733364
Ggh,0.795846672
Ggta1,0.468699981
Gla,0.904283339
Glb1,0.929293305
Glb1l,0
Glg1,0.871730001
Glipr1,0.732223357
Glipr2,0.895580001
Gls,0.308843334
Glt25d1,0
Gltp,1.390766466
Glud1,1.013833348
Gm10036;Rpl11;Gm10288;Gm5093;Gm7589,1.160733337
Gm10119;Rps3a;Gm9000,1.024289995
Gm10126;Rps29,0
Gm10320;Sec61b,1.191133303
Gm13646;Hist1h2bf;Hist1h2bb;Hist1h2bk;Hist1h2bp,1.450500118
Gm14548,0.636046673
Gm16477;Rpl7a;Gm5619;Rpl7a-ps10;Rpl7a-ps5;Rpl7a-ps3;Gm17415;Gm4978;Gm5459,0.546643325
Gm17352;Rps18;Gm5321,1.201386644
Gm20390;Nme2;Nme1,0.946776674
Gm20425;Srprb,0.593756678
Gm20431;Ube2v1;Gm8325;Ube2v2;Gm5830;Gm10088,0.598566648
Gm20489;Il2rg,0
Gm20498;Synj2bp,0.976106697
Gm2382;Mthfs,0.260956673
Gm2a,0.924423337
Gm5431;OTTMUSG00000005540;9930111J21Rik,0.703586637
Gm5576;Eif4a3,0
Gm6377,0
Gm8394;Psma5,0.692473332
Gm9755;Tufm,1.491000018
Gmip,1.071533351
Gmpr2,0.978649988
Gna13,0.802436655
Gnai2;Gnai1,1.302500005
Gnai3,1.039873365
Gnaq,0.782959982
Gnas,0.873023314
Gnb1,1.425166649
Gnb2,1.233133293
Gnb2l1,0.71389998
Gnb4,0.432466653
Gng12,1.173116697
Gng2,1.032666632
Gng5,1.144566618
Gns,0.86405333
Golga1,0.573666668
Golga4,1.017426707
Golga5,0
Golga7,1.141333359
Golgb1,0.515949973
Gosr1,0.273370012
Got2,0.952953336
Gp49a,0
Gpatch8,0.836569989
Gpd2,0.581393313
Gpi;Gm1840,1.271733352
Gpld1,0
Gpnmb,1.16292665
Gpr107,0.705406662
Gpr108,0.219906675
Gpr137b,0.590223363
Gpsm3,0.521700002
Gpx1,1.228399988
Gpx4,1.260899973
Grap2,0.626300007
Grb2,0.733000003
Grn,0.649596661
Grpel1,0
Gsdmdc1,0.832200028
Gsn,0.76483668
Gstk1,0.669636693
Gstm1,0.854026663
Gtf2f1,1.109086643
Gtf2f2,2.222300298
Gusb,0.285546663
Gvin1,1.234119991
H1f0,0.439233349
H2-Aa,0.398643336
H2-Ab1,0.815259995
H2-D1,0
H2-D1;H2-L,0.781233333
H2-DMa,0
H2-DMb1;H2-DMb2,0.654333345
H2-K1,0.775236645
H2-T23,0.457733345
H2afx,1.290179996
H2afy,0.684273333
H2afz;H2afv,1.07595002
Hadha,1.043756655
Hadhb,0.999823361
Hba;Hba-a1,0
Hbxip,1.512733365
Hck,1.277933323
Hcls1,2.12833347
Hdac1;Gm10093,0.684766665
Hdhd2;Ier3ip1,0.431643315
Heatr7a,1.241053323
Hexa,0.982043312
Hexb,0.989393355
Hfe,0.268376657
Hgs,0.841083333
Hgsnat,0.902223336
Hint2,0
Hist1h1a,0.647426662
Hist1h1b,0.828050039
Hist1h1c,0.738290021
Hist1h1d,0.82842333
Hist1h1e,0.817743325
Hist1h2af;Hist1h2ab;Hist3h2a;Hist1h2ah,1.065103303
Hist1h3b;Hist1h3a,0.955663356
Hist1h4a,1.041399971
Hist2h2aa1;Hist1h2al;Hist2h2ac,1.967016524
Hist3h2bb;Hist3h2ba,0.453366689
Hk1,1.012079983
Hk2,0.571686664
Hm13;H13,0.700293323
Hmga1,0.161136642
Hmga2,0
Hmgb1,1.366766659
Hmgb2,1.060553322
Hmgcl,0.980633304
Hmgn2,0.677633337
Hmha1,1.14250001
Hmox1,1.14663329
Hmox2,0.947283314
Hn1l,2.775999567
Hnrnpa0,0.809086616
Hnrnpa1,1.194079984
Hnrnpa2b1,1.01313664
Hnrnpa3;Gm6793;Gm8991,0.862853338
Hnrnpab,1.134303314
Hnrnpc,0.522433313
Hnrnpd,1.081339998
Hnrnpf,0.401399994
Hnrnph1,1.412166649
Hnrnpk;Gm7964,1.288100016
Hnrnpl,0.880743348
Hnrnpm,1.285633332
Hnrnpu,0.851659982
Hp1bp3,1.1097833
Hpcal1;Hpca,0.8582167
Hps1,0.830043317
Hps3,0
Hps4,0.946123361
Hpse,1.233113329
Hras1,0.975366643
Hs2st1,0.407633352
Hsd17b10,0.669539995
Hsd17b11,0.853300021
Hsd17b12,0.903323323
Hsd17b4,0.948653337
Hsdl1,0.232643325
Hsp90aa1,1.082616677
Hsp90ab1,0.925139971
Hsp90b1,0.90454335
Hspa4,0.941406633
Hspa5,1.013720017
Hspa8,1.096330015
Hspa9,1.087996644
Hspd1,1.200499993
Hspe1,1.088263367
Hspg2,0.718100004
Htatip2,1.233599963
Hvcn1,0.589293318
Hyal1,0.31952999
Hyou1,0.902803348
Icam1,0.67687668
Idh1,0.367166668
Idh2,1.017590017
Idh3a,1.069923326
Idh3b,0.718366665
Idh3g,0.366666661
Ids,0.898026626
Idua,1.070226692
Ifi204,0.988959999
Ifi205b,1.106006667
Ifi30,0.884063334
Ifit1,0.784100025
Ifitm2,0.434910042
Ifitm3,0.685273353
Ifngr1,0.794566844
Igbp1,0.590966641
Igf2r,0.627676709
Igsf6,0.517869979
Igtp,1.005003333
Il16,1.897699899
Ilk,0.623013319
Ilvbl,1.131159973
Inf2,0.945593294
Inpp5d,1.415116627
Iqgap1,0.963653298
Iqgap2,0
Irf2bp2,1.480866668
Irgm1,1.209666689
Irgm2,1.042006649
Isg15,1.016479991
Isg20,1.394266681
Ist1,1.159700004
Itch,1.220899993
Itga4,0.519696675
Itga5,0.58474997
Itga6,0.616539959
Itgam,0.530636618
Itgav,0.653156674
Itgax,0.621266686
Itgb1,0.531190023
Itgb2,0.504359953
Itgb5,0.633436688
Itm2b,1.10838997
Itsn2,1.160133315
Jak1,0.868780009
Jup,0.49868667
Kat2a,0.199000009
Kcnab2,0
Kcnk6,0.630366687
Kcnn4,0.736899963
Kctd12,1.17682669
Kdelr1,0.687076644
Kdm1a,0
Kdm3b,0.929849798
Khdrbs1,0.865483326
Khsrp,0.827366657
Kiaa0196,0.623030006
Kiaa0226;1700021K19Rik,1.450533361
Kiaa0907,1.794066618
Kiaa1033,0.614809996
Kiaa1598,0.324123343
Kiaa1671,1.14679999
Kif13b,1.381523175
Kif16b,0.680206678
Kif1a,1.12882348
Kif5b,0.943066684
Kpnb1,0.944500042
Kras,1.180399961
Krt28;Krt24,5.494000854
Krt76,9.852665321
Lamp1,1.02859328
Lamtor1,1.682866469
Lamtor2,1.445833307
Lamtor3,1.411566676
Lancl1,0
Laptm5,0.659756622
Lasp1,1.865933328
Lat2,0
Lbr,0.849880003
Lcp1,0.982756673
Lcp2,1.485633372
Ldha,0.986033338
Ldlr,0
Lgals1,1.234543309
Lgals3,2.413032908
Lgals3bp,0.76838335
Lgals3bpF6VRP8,0.853609994
Lgals8,1.587966641
Lgals9,1.399366671
Lgmn,0.897126675
Lig1,1.431166674
Lilrb3,0.554209996
Lilrb4,0.509523262
Lima1,1.594130102
Limd2,2.155399927
Lims1,0
Lin7c;Lin7a,0.557233346
Lipa,1.030940003
Lman1,0.931219995
Lman2,0.859699989
Lmbrd1,1.182600011
Lmbrd2,0.904536653
Lmna,1.23863332
Lmnb1,1.292166611
Lmnb2,1.378533316
Lnpep,0.579696731
Loh12cr1,1.031200043
Lpcat2,0
Lpl,0.665266687
Lrp1,0.508439946
Lrp1b,0.36708663
Lrpap1,1.043793322
Lrpprc,0.42413334
Lrrc25,0.646356679
Lrrc57,1.400300038
Lrrc59,0.946156697
Lrrc8c,0.291186666
Lsp1,1.129210036
Lss,1.098516651
Ly86,1.214816658
Ly9,0.644596669
Lyn,0.670453305
Lypla2,0.441566674
Lyz1,0.880159972
Lyz2,0.888320014
M6pr,0.580479993
Macf1,0.876716653
Magt1,0.25865
Man1a1,1.015500024
Man1c1,0.428366659
Man2a1,0.701213287
Man2b1,0.873033333
Man2b2,1.026626667
Manba,0.885480001
ManbaQ8K2I4,0.666119981
Manf,0.713706684
Map1s,0.722499967
Map2k1;Map2k2,1.748466354
Map2k4,0.506300003
Map3k11,0.667226705
Map4;Mtap4,0.927103331
Mapre1,1.059876706
Marc2;Mosc2,1.030666669
Marcks,1.067510014
Marcksl1,1.507633355
Mark2,0.645966657
Matr3,1.131706674
Mavs,0.818266681
Mboat7,0.266036666
Mbp,1.245290005
Mcl1,1.536566632
Mcoln1,0.245356653
Mcoln2,0.764859983
Mdh1,0.867793322
Mdh2,1.005003314
Me2,0
Mef2bnb;2310045N01Rik,0.519200004
Mesdc2,0.129166647
Mettl3,0.65660002
Mettl7a1;Mettl7a2-Higd1c;Ubie;Mettl7a2;Mettl7a3;AB099516,0.537776668
Mfge8,1.043273327
Mfsd1,1.224633348
Mfsd12,0.983346687
Mfsd7,0
Mfsd8,0.958269995
Mgat1,0.496600011
Mgp,0.199703331
Mia3,1.24422002
Mic1,1.045966668
Milr1,0.359833326
Mki67,1.528756747
Mlec,0.922406703
Mlst8,0.269533332
Mob1b;Mob1a,1.216813361
Mob4,0.78553335
Mon1a,1.124933328
Mon1b,1.247900004
Mpdu1,0
Mpeg1,0.510456622
Mpo,0.77266002
Mpp1,1.494800033
Mrc1,0.612226687
Ms4a4c,0.626046633
Msn,0.849933329
Msr1,0.487406751
Msra,0.390566658
Mtatp8;mt-Atp8,1.425499975
Mtch2,0.718656649
Mtco1;mt-Co1,0.692250023
Mtco2;mt-Co2,1.312099997
Mtdh,0.380736671
Mtss1,0.983229991
Mvp,0.763276689
Myadm,1.271033335
Myh14,0.443240026
Myh9,0.672463326
Myl12a;Myl12b;Myl9,0.802923344
Myl3;Myl1,0.979499967
Myl6,0.984093317
Myo1c,0
Myo1e,0.853463325
Myo1f,1.067033325
Myo1g,0.656563339
Myo5a,0.964813329
Myof,0.576830013
Naaa,1.371200019
Naca,1.355033304
Naga,1.219366683
Naglu,0.927596646
Nagpa,0.728143332
Nap1l1,0.974099998
Napa,1.035240013
Napg,1.128863319
Napsa,1.687666664
Nceh1,0.970206655
Ncf1,0.971819988
Ncf2,0.367066663
Nckap1l,1.006009996
Ncl,1.385926842
Ncoa3,1.048526676
Ncor1,1.229069783
Ncstn,0.599523284
Nde1;Ndel1,1.359700008
Ndufa10,0
Ndufa4,0.936556685
Ndufa6,0.587266684
Ndufc2,0
Ndufs1,1.176299972
Ndufs2,0.236306661
Ndufs3,0.464533324
Ndufv1,0.262790003
Ndufv2,0
Neb,0.21016667
Necap2,1.163236665
Nek2,0.15992335
Neu1,0.990106658
Nfam1,0
Nfatc2ip,1.282633328
Nhlrc3,0.495876623
Nhp2l1,0.694566868
Nhsl2,1.36263335
Nin,0.755183359
Nipsnap3b,0.336933336
Nisch,0
Nmt1;Nmt2,0.291553329
Nob1,1.307899949
Nomo1,0.463400016
Nono,1.041266639
Npc1,1.028886671
Npc2,0.440339948
Npm1,0.733820004
Nptn,0.721486701
Nrp1,0.522169952
Nrp2,1.004089984
Nsdhl,1.00327667
Nsf,1.029970004
Nucb1,0.98272
Nucb2,1.021693336
Nudc,1.132933329
Numa1,1.154019998
Numb,0.986610024
Numbl,0.784600034
Nup54,1.553316491
Nup62,1.402700035
Nutf2,0.373833328
Oas1a;Oas1g,1.001686659
Oas3,0.892653347
Oat,0.983030023
Ogdh,0.977349994
ORF3,0
Osbp,1.831833193
Osbpl11,1.303346675
Osbpl1a,0.820753338
Osbpl6,0.08242664
Osbpl8,0.843926686
Osbpl9,1.22724335
Ostf1,1.043866678
Ostm1,1.341800026
Otud7a,1.568966446
Oxct1,0.864106702
P2rx4,1.120510002
P2rx7,0.567823338
P33monox;4833439L19Rik,0
P4hb,0.94200335
Pa2g4,0.90019329
Pabpc1;Pabpc6,0.916890015
Paics,1.265066679
Paip1,1.634306711
Pak2,0.915613304
Parp1,1.047993347
Parp14,0.312743325
Pcbp1,1.409200005
Pcbp2;Pcbp3,0.527633364
Pcdhb2,0.589400014
Pck2,0.733163328
Pcmt1,0.279483341
Pcna,0.977946677
Pcnp,2.475632664
Pcyox1,1.212466612
Pcyox1l,0.701186694
Pcyt1a,1.088149994
Pdcd6,0.947326655
Pdcd6ip,1.175359985
Pdha1,0.655866672
Pdhb,0.842619996
Pdia3,0.956906672
Pdia4,0.89012333
Pdia6,0.961580002
Pdlim2,1.795266419
Pdlim5,2.346899774
Pdxk,0.413566662
Pef1,1.098810016
Pepd,0
Pex14,0
Pf4,1.58345684
Pfkp,1.110903319
Pfn1,1.01118332
Pgam1,0.980116665
Pgd,0.892970006
Pgk1,0.939619984
Pgrmc1,0.947413352
Pgrmc2,0
Phb,1.147066638
Phb2,1.1361667
Pi4k2a,1.267033307
Pi4ka,0
Pid1,1.196233328
Pigs,0.351433318
Pigt,0
Pik3ap1,0.939919977
Pik3c3,0.795373335
Pik3cg,0.318789998
Pik3r4,0.745270004
Pion,0.897226658
Pip4k2a,1.011963336
Pip4k2b,0.327243327
Pitpna,1.312466697
Pkm2,0.993473365
Pkn1,1.68243331
Pla2g15,0.614983348
Pla2g7,0.968200007
Plau,0.948319982
Plaur,0.238249997
Plbd1,0.887279987
Plbd2,0.931486682
Pld1,0.836126657
Pld3,0.99226337
Pld4,0.986316694
Plec,1.826366521
Plek,1.802166799
Plekha1,0.104903339
Plekho1,1.107966656
Plekho2,1.41222667
Plod1,0.584666647
Plod3,0
Plscr3,0.865899979
Pltp,0.982850011
Plxdc1,0.322190006
Plxna1,0
Plxnb2,0.562596675
Pnp,1.045360007
Pon2,1.000263329
Pon3,0.992653348
Por,1.000933337
Ppia,1.185933297
Ppib,0.990133319
Ppm1h,1.109666666
Ppp1ca,1.635166515
Ppp1cb,0.753200019
Ppp1cc,1.237159991
Ppp1r12a,1.34533333
Ppp1r12c,1.473866663
Ppp1r18,1.997866259
Ppp2ca;Ppp2cb,1.00358998
Ppp2r1a,0.943853313
Ppt1,1.12462335
Ppt2,0.674913322
Pqbp1,1.24816667
Prcc,2.107766731
Prcp,0.959109971
Prdx1,1.108459992
Prdx2,1.094703327
Prdx3,0.79929
Prdx4,1.049500012
Prdx5,1.004826648
Prkacb,1.369666668
Prkar1a,1.068336661
Prkca,0
Prkcd,0.768483349
Prkcsh,0.939369984
Prpf19,0.404433329
Prpf31,1.411110089
Prpf40a,1.00281335
Prrc2c,1.651433352
Psap,0.829726659
Psen1,1.047779974
Psen2,0.945789973
Psma1,1.242133315
Psma4,0.135873357
Psma6,0
Psma7,0.545880005
Psmb1,1.13359998
Psmb10,1.458433374
Psmb3;Gm5356,0.209610007
Psmb8,0.268513346
Psme1,1.095166515
Pstpip1,0
Ptbp1,1.142300013
Ptgs1,0.364199993
Ptp4a2,1.284199965
ptplad1,0
Ptpn1,0.943379972
Ptpn23,1.568399956
Ptpn6,1.032136655
Ptpn9,1.10476671
Ptpra,0.658649978
Ptprc,0.51047003
Ptpre,1.23281332
Ptprj,0.672983345
Ptpro,0
Ptrh2,0.669623337
Pttg1ip,1.286570217
Pxk,0
Pzp;A2m,0.926976678
Qki,1.378906707
Rab10,1.108543335
Rab11a,0
Rab11b;Rab11a,1.091323307
Rab11fip5,1.09483334
Rab12,1.166833304
Rab13,0.681116642
Rab14,0.765833336
Rab18,1.158566688
Rab19,0.958893309
Rab1A;Rab1,1.19883336
Rab1b,1.249833368
Rab21,0.989556683
Rab22a,0.834520001
Rab23,0.250610002
Rab27a,1.267366646
Rab2a,1.002996698
Rab31,1.123866646
Rab32,0.846263347
Rab33b,0.820166681
Rab34,0.811200021
Rab35,1.174746656
Rab39a,1.215566638
Rab3a,0.703756659
Rab3d,0.997923323
Rab4b,1.17039999
Rab5a,1.102580012
Rab5b,1.197033326
Rab5c,1.116799979
Rab6a,1.11839997
Rab6a;Rab6b,1.117096695
Rab7a,1.018726661
Rab7b;5430435G22Rik,1.255666681
Rab7l1,0.952663337
Rab8a,1.325066667
Rab8b,1.302950026
Rab9a;Rab9,0.928886678
Rabl3,0.968280028
Rac1;Rac3,1.275466654
Rac2,2.022232964
Rala,0.88379335
Ralb,1.24873337
Raly;C130057N11Rik,0.910929985
Ran;1700009N14Rik,1.043519995
Ranbp1,0.467366651
Ranbp2,0.290356674
Rangap1,0.262006662
Rap1a,0.957146658
Rap1b,1.624766648
Rap2a,0.951720019
Rap2b,1.111823356
Rap2c,0.766986689
Rasa3,0
Rasa4,0.598563323
Rassf4,0.465433319
Raver1,0.413453334
Rbbp4,1.190199995
Rbm25,0.732176663
Rbm3,2.464533954
Rbmx;Rbmxl1,0.140786655
Rbp4,0.821246649
Rcc1,1.368560029
Rcn2,0.916153314
Rcor1,0.40373333
Rdh11,1.221883324
Rdh14,0.748633339
Rdx,0.984666686
Reep5,0.583583314
Rer1,0.864223341
Rftn1,0.58202334
Rgs1,0.952366668
Rgs10,1.501799997
Rgs18,1.567233186
Rgs19,0.989266636
Rgs3,0
Rhbdf2,0
Rhoa;Rhoc,1.586633377
Rhob,1.067066672
Rhog,0.983673355
Ripk1,1.490866437
Ripk3,1.305400027
Rit1,0.345499991
Rnaset2,1.125386921
Rnd1,0
Rnd3,0.986099996
Rnf128,0.110553339
Rnf13,0.645043329
Rnf213,0.859196701
Rnh1,1.084493284
Rock1,1.088766646
Rock2,1.251936687
Rod1;Ptbp3,0
Ros1,0
Rp2,1.047330026
Rpl10;Rpl10l,0.645233329
Rpl10a,0.943196671
Rpl12;Rpl12-ps1,0.986853316
Rpl13;Rpl13-ps3,0.407936685
Rpl14,0
Rpl17,0.501596651
Rpl21;Gm9104;Rpl21-ps6,0.248593331
Rpl22,0.803979984
Rpl22l1,0.354633333
Rpl23,0.815293322
Rpl23a-ps3;Rpl23a;Gm10335;Gm3940,0.620576686
Rpl24,0.408366662
Rpl26,0.546716604
Rpl27,0
Rpl28,0.964063353
Rpl3,0.785760008
Rpl30,0.987089989
Rpl31;Gm16382,0.917226662
Rpl34;Gm2178,0
Rpl35a,0.598446679
Rpl37a,1.009236672
Rpl38,1.026576638
Rpl4,0
Rpl5,0.50382329
Rpl6;Gm5428,0.637293338
Rpl8,0.147520003
Rpl9;Rpl9-ps6,0.838963369
Rplp0;Gm8730,1.000783321
Rplp1;Gm10073,0.865819964
Rplp2,0.908836679
Rpn1,0.972623349
Rpn2,0.915820005
Rprd2,1.149646672
Rps10,1.084503346
Rps11,0.671399971
Rps12,0.941329975
Rps13,1.091106667
Rps14,0.90826331
Rps15,0.945413308
Rps15a,0.850736651
Rps16,1.272706659
Rps17,1.09403336
Rps19;Rps19-ps13;Rps19-ps1,1.24373332
Rps2;Rps2-ps6;Gm6576;Rps2-ps5;Gm8225,0.916619991
Rps20,1.068440017
Rps21,1.322333328
Rps23,0.410149949
Rps25,1.104596667
Rps26,0.186200003
Rps27a,0.54260995
Rps27l,0.817889982
Rps28,1.524600026
Rps3,1.06961667
Rps4x;Rps4y2,0.736933349
Rps5,0.946763309
Rps6,0.57454668
Rps6ka1,1.247466683
Rps7;Gm9493,0.900643325
Rps8;Gm11353,0
Rps9,0
Rpsa-ps10;Rpsa,0.969079999
Rptor,0
Rraga;Rragb,1.198733324
Rragc,1.088809988
Rras,0.958186649
Rrbp1,0.932909974
Rsad2,0.633546659
Rsu1,0.911030003
Rtn1,0.251970023
Rtn4,1.03014666
Rtn4Q8BH78;Q8BHF5;Q99P72-1,0.839250006
Rufy1,0.556680022
Rufy2,0.358140004
Ruvbl1,0.991399996
S100a10,2.213533058
S100a11;Gm7665,0.885149966
S100a13,0.465833339
S100a4,1.47796668
S100a6,0.91496332
Saa3,0.235710005
Sacm1l,1.162233342
Samm50,1.277400023
Sar1a,0
Sarnp,1.301166712
Sash3,1.840766539
Scamp1,1.06697665
Scamp2,1.078373328
Scamp3,1.142666674
Scamp4,0.74543331
Scarb1,1.094220003
Scarb2,1.186433329
Scfd1,0.97617334
Scp2,1.328133338
Scpep1,0.822896673
Scyl2,1.046083352
Scyl2Q8CFE4,0
Sdc4,1.089900015
Sdcbp,1.162739987
Sdf2l1,0.972316698
Sdha,1.104036658
Sdhb,0.769153332
Sec11a,1.060473345
Sec13,0.662776669
Sec16a,0.636566658
Sec22b,1.032846657
Sec23b,1.48656669
Sec24b,1.975133493
Sec24c,0.29272667
Sec31a,0.469200026
Sec61a1;Sec61a2,1.1346733
Sec62,0.279546657
Sel1l,0.415766666
Sema4d,0
Serbp1,0.669810007
Serinc1,0.771253336
Serinc3,0.72001335
Serpinb6a;Serpinb6,0.94662669
Serpinc1,1.256629923
Sf1,1.314366697
Sf3b4,1.051553316
Sfn,0.62100334
Sfpq,1.059236676
Sft2d2,0
Sfxn1,1.068686689
Sfxn3,1.260033311
Sgpl1,0.897406662
Sh3bgrl3,1.015773302
Sh3bp1,1.306533274
Sh3bp2,0.463233341
Sh3gl1,1.373266664
Sh3glb1,1.528366658
Sh3glb2,1.571573435
Sh3kbp1,0.478599999
Sh3pxd2b,1.092466694
Shmt2,1.054653367
Siae,0.69989666
Sidt2,1.070163308
Siglec1,0.874760024
Sigmar1,0.416143327
Sipa1,1.855733118
Sirpa,0
SirpaE0CYM8;P97797;E9QPT7;P97797-3,0.475739968
Sirt2,1.030593324
Skap2,1.578366622
Skp1,0.937840006
Slc11a1,0.780883334
Slc12a4,0.994146665
Slc12a6,0.177976665
Slc12a7,0.74748336
Slc12a9,1.188033306
Slc15a3,0.711280035
Slc15a4,0.902409992
Slc16a1,0
Slc16a10,0
Slc16a3,0.600886645
Slc17a5,0.784179973
Slc1a5,0.706576672
Slc23a2,0.991973319
Slc25a1,1.055083339
Slc25a10,0.237920007
Slc25a11,1.029390034
Slc25a12,1.227313375
Slc25a13,1.063733352
Slc25a24,1.099719996
Slc25a3,1.071833372
Slc25a4,0.846403343
Slc25a5,1.001163303
Slc26a11,1.093533315
Slc29a3,1.284399959
Slc2a1,0.90085335
Slc2a6,1.153499993
Slc2a8,1.129746657
Slc30a7,1.030690001
Slc31a1,1.030496657
Slc36a1,0.338233352
Slc37a2,0.884893332
Slc38a2,0.982299998
Slc38a7,0.773679975
Slc38a9,0.894950002
Slc3a2,0.868813371
Slc43a2,0.453209981
Slc44a2,0.592610005
Slc46a3,0.292676659
Slc48a1,1.035100039
Slc4a2,0.691516663
Slc4a7,0
Slc6a6,0.546779975
Slc7a1,0
Slc7a5,0
Slc7a8,0.555126666
Slc9a6,1.176013348
Slc9a9,0.73122667
Slco4a1,0.372993336
Smap1,1.522333309
Smap2,1.567666636
Smarca5,1.207096694
Smarcc2,0
Smc1a,0
Smc2,0
Smpd1,1.630633285
Smpdl3a,0.766796686
Smpdl3b,0.597649961
Snap23,1.026410011
Snap29,1.383733304
Snapin,1.196200003
Snd1,0.276899989
Snf8,0.373766662
Snrpa;Gm5145,0.951600003
Snrpc,0.939726664
Snrpd3,1.26683331
Snrpn;Snrpb,1.433633347
Sntb2,0.269593347
Snx1,1.128086663
Snx11,1.192240017
Snx12,0.890736696
Snx16,0.761390015
Snx17,0.703336669
Snx2,1.039609963
Snx20,0
Snx27,0.404356669
Snx29,0.174453337
Snx3,0.871266685
Snx30,0
Snx4,0.162780016
Snx5,0.934210031
Snx6,0.758466641
Snx8,0.430513301
Sod1,0.696273369
Sod2,0.636570042
Spag7,1.685933321
Spcs2,1.130306702
Spcs3,0.927353318
Spe39,0.56746665
Specc1,1.063549986
Spg20,1.430333337
Spg21,1.38569999
Sphk2,1.420300014
Spn,0.525666597
Spns1,1.215366614
Sppl2a,0.869403317
Spryd7;6330409N04Rik,0.942256676
Sptbn1,0.563533319
Sptlc2,0.628416665
Sqrdl,1.001226664
Sqstm1,1.166413346
Sri,1.167289995
Srp14,1.084283341
Srp19,0.723999973
Srp54;Srp54c,0.731846679
Srp68,1.098983297
Srp9,0
Srsf3;Gm12355,0
Ssr1,0.887823338
Ssr3,0.703240002
Ssr4,1.125366627
Ssrp1,0.610460046
St13,0.797419989
St3gal1,0.268060007
Stab1,0.377826625
Stam,0
Stam2,0
Stambpl1,0
Stard3,0.854513322
Stard3nl,1.103283324
Stat1,0.851803317
Steap3,0.750980001
Stk11ip,1.131466677
Stk24;Mst4;2610018G03Rik;Stk25,0.56056668
Stk3,0.394266681
Stk38,0.801566661
Stmn1,0.628990006
Stmn2,0.2812
Stom,1.094699995
Strn,1.112639996
Sts,0
Stt3a,0.939626662
Stx11,0.741526673
Stx12,1.071166638
Stx16,0
Stx17,1.94426642
Stx2,0.847686669
Stx3,1.206066641
Stx4,0.777999999
Stx5;Stx5a,0.71896668
Stx6,0.573823352
Stx7,1.208633303
Stx8,1.382699977
Stxbp1,1.204533319
Stxbp2,1.057899979
Stxbp3,0.699506667
Stxbp5,1.357200016
Sub1,0.950186676
Sucla2,0.708236691
Suclg1,1.190786653
Sugp1,0.691883317
Sumo2;Sumo3,0.949253291
Sun2,0.966570005
Surf4,0.794463354
Swap70,0
Syk,0.957379988
Syncrip,1.070620018
Syngr1,0.66821334
Syngr2,0.666860039
Synrg,1.676933135
Sypl1;Sypl,0.859459998
Tagln2,1.781533599
Taok3,0.841763348
Tap1,1.014693327
Tap2,0.982553306
Tapbp,0.984876661
Tardbp,1.047830005
Tbc1d22a,0.867766647
Tbc1d2b,0
Tbc1d5,1.092793336
Tbl1x,0.700443342
Tbxas1,0.452600003
Tceb1,0.409100016
Tceb2,0.811200024
Tcirg1,1.354033333
Tcof1,0.760400033
Tcp1,0.866786673
Tdrd7,0.221326668
Tecpr1,1.941499685
Tecr,0.640913331
Tes,2.236566425
Tex264,0.956223333
Tfe3,1.366466657
Tfrc,0.559553359
Tgfbi,0
Tgm2,0
Themis2,2.126929956
Thrap3,0.778056699
Timm44,1.283870027
Timm50,0.633933318
Timm9,1.44759993
Tkt,1.333933298
Tln1,0.893399981
Tlr13,1.142199989
Tlr2,0.732193341
Tlr3,0.918146667
Tlr7,1.126093351
Tlr8,1.307736687
Tlr9,1.44862664
Tm7sf3,1.027396634
Tm9sf1,0.988523311
Tm9sf2,0.961299997
Tm9sf3,0.837269998
Tm9sf4,0.858609993
Tmco1,0.523333348
Tmed10,0.981163318
Tmed2,1.190700006
Tmed4,0.988856675
Tmed5,0.41073335
Tmed7,0.960719992
Tmed9,1.023323307
Tmem104,0.870740004
Tmem106a,1.127799989
Tmem106b,1.209323324
Tmem106c,1.04069335
Tmem109,0.513073324
Tmem120a,0.162550004
Tmem144,0
Tmem14c,0.454793296
Tmem165,0.249516668
Tmem173,0
Tmem175,1.230420031
Tmem176b,1.140166656
Tmem179b,1.411033317
Tmem192,1.046906662
Tmem206,0.681076718
Tmem30a,0.955140009
Tmem43,0.991053343
Tmem55a,1.022753338
Tmem55b,1.397793312
Tmem63a,1.079003346
Tmem87a,0.978733312
Tmem9b,1.111990008
Tmpo,1.274000001
Tmsb4x,2.138899942
Tmx1,1.032156679
Tmx2,0.286310007
Tmx3,0.871619999
Tmx4,0.417066662
Tnf,0
Tnfaip2,1.905266811
Tnfaip8l2,1.035113363
Tnfrsf23,0.590076656
Tns1,0
Tollip,1.111736665
Tom1,1.362533382
Tomm40,1.003763331
Tomm70a,0
Top2a,1.110700006
Tor1aip1,1.070596673
Tor1aip2,1.098866653
Tor3a,0.653266667
Tpcn1,1.127833339
Tpcn2,1.336913311
Tpd52,1.15595339
Tpd52l2,1.383766662
Tpi1,1.076926661
Tpm3-rs7;Tpm3,0.940643305
Tpm4,0.245623329
Tpp1,1.5022
Tpt1,0
Trafd1,1.946166649
Trem2,1.242599946
Trex1,1.030436667
Trim14,1.141700044
Trim21,0
Trim28,0
Trpv2,0.639003348
Tsen34,0
Tsg101,1.04887999
Tspan14,0.517966644
Tspan31,0.198926668
Ttc35,0.411866673
Ttk,0
Ttn,0.922193341
Ttyh2,0
Ttyh3,1.083740022
Tuba1a;Tuba3a,0
Tuba1b,1.076050005
Tuba4a,0.350200017
Tubb4b,1.123666683
Tubb5,1.23809001
Txn,0.822946663
Txndc12,0.662016633
Txndc5,0.935766648
Tyrobp,0.535453351
Uba1,0.854553305
Ubap2,0.916800026
Ubap2l,1.746133424
Ube2d3;Ube2d2,0.323856672
Ube2l3,1.058433316
Ube2n,1.246316664
Ubl3,1.370999999
Ubl5;Gm2001,1.624766689
Ubtf,0
Ubxn4,0.547683339
Ufd1l,1.300366662
Ufm1,0.654566693
Uggt1,0.926869991
Ugt1a7c,0.956319967
Unc13d,0.553843297
Unc93b1,1.07161333
Upf1,0.373833328
Uqcrb,1.039266711
Uqcrc1,1.059023354
Uqcrc2,1.015700006
Uqcrfs1,0
Uqcrh,0.76803335
Usmg5,0.451103335
Usp12;Usp46,0
Uvrag,0.885770003
Vac14,0.271870006
Vamp3,1.516833312
Vamp4,0.516366682
Vamp7,1.131766678
Vamp8,1.299900031
Vapa,1.004926654
Vapb,1.216603286
Vasp,1.737933541
Vat1,1.406633317
Vcp,0.809949999
Vdac1,1.081603352
Vdac2,0.999813333
Vdac3,1.138040006
Vim,1.517600057
Vmp1,0
Vps11,0.975736641
Vps13c,1.205500008
Vps13d,0.141896656
Vps16,1.118806697
Vps18,0.865396662
Vps26a,0.768713324
Vps26b,0.614063328
Vps28,1.207466661
Vps29,0.682323344
Vps33a,1.081656689
Vps33b,1.087733354
Vps35,0.708880009
Vps37b,1.215400021
Vps37c,1.404033342
Vps39,0.913969975
Vps41,0.951999992
Vps45,0.781870023
Vps4a,1.103203334
Vps4b,1.370500037
Vta1,1.424866659
Vti1a,0.833806664
Vti1b,1.228966691
Vwa5a,1.392880024
Was,1.094780024
Wasf2,1.014973342
Wash1,0.87694999
Wbp11,1.245366681
Wdfy2,0.265183334
Wdfy4,0.359653342
Wdr1,0.923186633
Wdr41,0
Wdr45l,0.696439993
Wdr5,0.996646662
Wdr7,1.058323329
Wdr70,0.803933318
Wdr81,0.810016641
Wdr91,0.802109997
Wipf1,1.424766645
Wnk1,1.138796682
Wwp1,1.181110009
Wwp2,0.927040019
Yipf3,0.47420001
Ykt6,1.815500021
Ythdf3;Ythdf1,0.311166665
Ywhab,0.873139986
Ywhae,0.701940002
Ywhag,1.056966698
Ywhah,1.023353356
Ywhaq,0.498593295
Ywhaz,0.987489977
Zadh2,0.861283362
Zc3hav1,1.257666644
Zdhhc20,0.293616673
Zfand2a,1.848299892
Zfyve19,0.797966729
Zmiz1,1.448200054
Zmpste24,0.773563336
Znf703,1.213739945
Znrf1,0.807936667
Znrf2,0.544233323
Zyx,0.828133062
0,1.992833176
Q9DAM7,1.57430005
Q8K039;D3YWR8,0.985270015
Q9D735,0.343113301
Q9D6W8,1.232299985
Q9D0B6;Q9D0B6-2,1.088229999
Q8CAQ8-3;Q3TZK4;E9PVS5,1.529166671
Q7M6Y3-5;Q7M6Y3-3;Q7M6Y3-2,1.484400021
Q3TYS2,0.883403328
P17047-3,1.60753363
Q5F285,0.449833309
Q9CRC6,0
J3QNB0;Q9CQE8,0
Q6PIU9,0.376300027
Q9ES97-3,0.554606618
Q8VE96;D6RHL1,0
Q8C708,0.265779991
Q8K1J5,0.353333315
P10404,0.271266669
Q8R239;Q8R239-3;Q8R239-2,0.382136682