Gene names,2015 Dill Mannan Late
Septin-2,0.862316669
Septin-7,0.828509985
Septin-8,1.069066634
Septin-9,0.863983332
Septin-11,0.731073336
15 kDa selenoprotein,0.616376663
0610031J06Rik,1.708866661
1700112E06Rik,1.242923362
2310022A10Rik,0.28895333
2410018M08Rik;Chchd2,0.873016681
2810422J05Rik;Uba52;Ubc;Ubb,0.594789966
4632428N05Rik,0.392103321
4732456N10Rik,2.893600551
5031439G07Rik,0.553829956
9030624J02Rik,0.593870046
Aak1,0.839896711
Abca3,1.115666667
Abcb11,0.768646706
Abcb1b,0.732876639
Abcb6,1.258600036
Abcc1,0.575893312
Abcc3,0
Abcd1,0.283443355
Abcd3,0.394750002
Abcd4,1.402866628
Abcf2,0.730853337
Abhd12,0.70060663
Abi1,1.073406691
Abr,0.40493002
Acaa1a;Acaa1b,0.48149004
Acaa2,0.593009953
Acadl,0.577239997
Acadm,0.630753332
Acads,0.431839998
Acadvl,0.323986669
Acap2,0.873060001
Acat1,0.580530004
Acbd3,0
Aco2,0.683096644
Acot13,0
Acox3,0.535883355
Acp2,1.67546666
Acp5,0.652523358
Acsl1,0
Acsl4,0.965540011
Acsl5,0.845759991
Actc1;Acta1;Acta2;Actg2,0.824110019
Actn1,0.943153339
Actn4,1.141366696
Actr1a;Actr1b,0
Actr2,1.134156663
Actr3,1.072710017
Adam10,0.913336663
Adam17,0.696036666
Adam8,0.369269971
Adam9,0.628463304
Adcy7,0.237963334
Aga,0.594643337
Agfg1,1.503279902
Agfg2,0.638066683
Agps,0.475263265
Agtrap,0.927600009
Ahnak,0.922573333
Ahnak2,2.212733224
Ahnak2F7CVJ5,1.606233343
Ahnak2E9PYB0,1.900933317
Ahsa1,0.628926673
AI607873,1.166666674
Aif1,0.333933314
Aifm1,0.881999962
Aifm2,0.710706633
Akap10,0.993820007
Akr1a1,0.72564665
Akr1b1;Akr1b3,1.028836664
Alcam,0.592186704
Aldh2,0.557113294
Aldh3a2,0.932879975
Aldh3b1,0.809306664
Aldh9a1,0.242263338
Aldoa;Aldoart1,1.08289996
Alg2,0.887933355
Alg5,0.766066638
Alox5,0.47723995
Alox5ap,0.862106697
Alyref;Alyref2;Refbp2,0.276926668
Ankfy1,1.111873336
Ankh,0.321190001
Anln,0.939033479
Ano6,0
Anp32b,0
Anpep,0.585659988
Antxr2,0.300913325
Anxa1,0.793823341
Anxa11,1.309776702
Anxa2,0.917183339
Anxa3,1.017749959
Anxa4,1.07282996
Anxa5,4.58107296
Anxa6,0.698219943
Anxa6P14824,0.606073315
Anxa7,1.513776658
Aoah,1.131599982
Ap1b1,1.547300008
Ap1g1,0.901703335
Ap1g2,0
Ap1m1,1.273633338
Ap1s1,1.421326686
Ap1s2,1.463099982
Ap2a1,0.832383322
Ap2a2,0.93476668
Ap2b1,1.066423325
Ap2m1,0.525330007
Ap2s1,1.118886691
Ap3b1,1.074843316
Ap3d1,0.718280003
Ap3m1,1.59336664
Ap3s1,1.656566688
Ap3s2,1.266693344
Aph1a,0.771869994
Apmap,0.963173292
Apoa1bp,0.208290002
Apob,0.754183362
Apobr,0.816783328
Apoe,0.868773341
App,0.451396646
Apr3;0610007C21Rik,1.533899956
Araf,0.728073403
Arap1,0.730350021
Arf3;Arf1,1.33540335
Arf5,0.833389988
Arf6,1.423166626
Arfgap1,0
Arfgap2,1.345953527
Arfgap3,0.299036667
Arfip1,0
Arfrp1,0.284570003
Arhgap1,0.247353342
Arhgap17,0.854473359
Arhgap22,0
Arhgap25,0.700210025
Arhgap30,0.900433343
Arhgap4,0
Arhgap9,0.783466503
Arhgdia,0.685360006
Arhgdib,1.327399989
Arhgef1,0.878406627
Arhgef10l,0.774323322
Arhgef2,0.822440001
Arhgef7,0.399776654
Arl1,0.48895
Arl4c,0.729533359
Arl6ip5,0.815493363
Arl8a,1.278500019
Arl8b,1.826400055
Armc10,0
Arpc1b,1.039123323
Arpc2,0.904883371
Arpc3,1.560200015
Arpc4,1.408566707
Arpc5,0.970940012
Arpp19,2.362533862
Arrb2,0.772096679
Arsa,0.994609993
Arsb,1.062603347
Arsk,1.099766663
Asah1,1.384000023
Asah2,0.634676646
Asph,1.03258671
Ass1,0.563563297
Atad1,0
Atl3,0.990006644
Atp11a,1.219266681
Atp11c,0.366133326
Atp13a2,1.453400024
Atp1a1,0.59834666
Atp1a3,0.550356667
Atp1b3,0.589413347
Atp2a2,1.064480024
Atp2a3,0
Atp2b1,0.709309987
Atp2b3,0.505866655
Atp5a1,0.805656662
Atp5b,0.80360334
Atp5c1,0.74337666
Atp5d,0.755999999
Atp5f1,0.867670032
Atp5h;Gm10250,0.731783322
Atp5i;Atp5k,0.204833331
Atp5j,0.965496693
Atp5j2,0
Atp5l;Atp5l-ps1,0.61031998
Atp5o,0.863070003
Atp6ap1,0.996920009
Atp6ap2,1.088666696
Atp6v0a1,0.861169999
Atp6v0c,1.309700006
Atp6v0d1,1.216449994
Atp6v0d2,1.822766825
Atp6v1a,1.632033294
Atp6v1b2,1.605900001
Atp6v1c1,1.168890021
Atp6v1d,1.392433373
Atp6v1e1,1.84036665
Atp6v1f,1.053823346
Atp6v1g1,2.341966664
Atp6v1h,1.460866674
Atp8a1,1.229533352
Atp9b,0.230039992
Atpif1,1.201039989
Atrn,0.818410025
Atxn2l,0.284743339
Aup1,0.574603345
B2m,0.927069991
B4galnt1,0.572413314
B4galt1,0.547156706
Bag3,0.664969986
Bak1,0.31515334
Banf1,0.685126665
Basp1,1.136706682
Bax,0.317156672
BC017647,0.193633342
Bcap31,1.002356653
Bcat2,0
Bcl7b,0
Bclaf1,0
Becn1,1.237753346
Bin1,0.353833318
Bin2,0.926409985
Birc6,1.428240055
Blmh,0.71246333
Blnk,1.00991333
Bloc1s1,1.393200003
Blvrb,0.596753337
Bmp2k,0
Bola1,0.988166806
Bphl,0.647313331
Bri3,1.481166659
Bst1,0
Bst2,0.645456663
Btd,0.675186664
Btf3,1.629333409
C1qa,0
C1qb,1.111396632
C1qbp,0.454609983
C1qc,1.208533375
C3,0
C3ar1,1.029160037
C5ar1,0.514759981
Cab39,0.236866668
Cacybp,0.377299972
Cadm1,0.631049963
Calm1;Calml3,0.756143365
Calr,0.733296646
Calu,0.61442997
Camk2d,0.362600017
Canx,0.728243341
Cap1,1.199733358
Capg,1.35453337
Capn1,0.655966655
Capn2,1.322573357
Capn5,0.46118335
Capns1,1.094566674
Caprin1,0.98248667
Capza1,1.038876669
Capza2,1.105433357
Capzb,1.131800022
Cast,1.077823315
Cat,0.294619955
Cbl,0.688656635
Cbr2,0.712933346
Cbx3,0.463433326
Cc2d1b,1.203126717
Ccdc115,0.786033323
Ccdc12,2.414766909
Ccdc22,1.329866654
Ccdc50,0.300826674
Ccdc53,0.284943344
Ccdc75,0.849033339
Ccdc88b,0
Ccdc93,1.198133348
Cct2,0.555443337
Cct3,0.670093336
Cct4,0.649783319
Cct5,0.918299983
Cct6a,1.145413356
Cct7,0.841266707
Cct8,0.560489987
Ccz1,1.192853349
Cd14,0.64488663
Cd151,0.402196625
Cd180,1.661300075
Cd1d1;Cd1d2,1.145939995
Cd200r1,0
Cd2ap,0.768133374
Cd300a,0.827110033
Cd300lh;OTTMUSG00000003606,0.54745003
Cd36,0.788386674
Cd44,0.751269999
Cd47,0.675330063
Cd48,0.488673312
Cd5l,0.766079963
Cd63,0.612753302
Cd68,1.281833285
Cd72,0.566486711
Cd74,1.139533359
Cd81,0.370373362
Cd82,0.430216714
Cd84,0.622116669
Cd9,0.544519993
Cd93,0.678006658
Cdc42,1.187889964
Cdc42bpb,0
Cdc42ep4,0.650913364
Cdca3,0.938216651
Cdipt,0.852600025
Cdk1,0.648259995
Cdk14,0
Cdk18,0.816816682
Cdk2;Cdk3,0
Cdk5,2.038300333
Cdkn1b,0
Cds2,0.67290668
Cenpe,0.117456666
Cep41;Tsga14,0.442100018
Cep55,0.717043345
Cers2;Lass2,0
Cfl1,1.082796672
Cfp,0.731216671
Chchd3,0.680423344
Chd4,0
Chd6,0.384600008
Chi3l3,1.043720019
Chi3l4,0.327156663
Chmp1a,1.196593366
Chmp2a,1.403966694
Chmp2b,0.810156657
Chmp4b,1.068500048
Chmp5,0.823076655
Chmp6,1.605500002
Cisd1,0.186490003
Cisd2,0.647526666
Ckap4,0.804333333
Ckap5,0.529066669
Ckb,0.854489993
Clcn5,0.373273361
Clcn6,0.152213318
Clcn7,1.04105666
Clec10a;Mgl1;Mgl2,0.513613296
Clec12a,0.644069995
Clec4e,0
Clic1,0.553950005
Clint1,0.514456687
Cln3,1.370066674
Cln5,1.040533373
Clptm1,0.607443329
Clrn2,1.237013297
Clta,1.121999997
Cltc,0.952840034
Cmtm6,0
Cndp2,1.278
Cnn2,1.250073434
Cnot4,0
Cnp,1.233266645
Cnpy2,0.844099993
Cnpy3,0.521666673
Cnpy4,0.270790032
Col4a4,0.227546673
Col6a3,0
Colec12,0
Commd1,1.2074
Commd10,1.187833325
Commd2,1.049406649
Commd3,1.180716678
Commd4,1.31179002
Commd5,1.139716663
Commd6,1.514333338
Commd7,1.283300003
Commd8,1.111933336
Commd9,1.517800015
Comt,2.124966757
Copb2,0.931689996
Coro1a,0.873713337
Coro1c,0.888313321
Coro2a,0.67130998
Cotl1,0.983800028
Cox4i1,0.784076652
Cox4nb,0.719309992
Cox5a,0.84877996
Cox5b,0.976019977
Cox6a1,0.843823357
Cox6b1,0.993016637
Cox6c,0.686393371
Cox7a2,0.858279994
Cox7c,0.711703345
Cpd,0.600766686
Cpne1,0.511086636
Cpne2,0.65767666
Cpne3,0.370290012
Cpq,1.366266636
Cpt1a,0
Cr1l,0.225373329
Creg1,1.05407664
Crip1,2.517799689
Cs,0.477779978
Csf1,0.182012691
Csf1r,0.391526661
Csf2ra,0
Csk,0
Csnk1a1,0.614026667
Csnk1g3,0.332799991
Csnk2b,0
Csrp1,1.181986652
Cst3,0.500263339
Cst7,0.444333309
Cstb,1.403266674
Ctbs,1.153733306
Ctdsp1,0.764816633
Ctnnd1,0.890899994
Ctsa,1.064603333
Ctsb,0.969383354
Ctsc,1.123503316
Ctsd,1.389699944
Ctsf,1.547333297
Ctsh,1.355199939
Ctsl1,1.146160009
Ctso,0.610600002
Ctss,0.956110002
Ctsz,1.03858333
Cttnbp2nl,0.415696662
Cuedc2,0.50032332
Cux1,0
Cwc15,0.88487334
Cxcl2,0
Cyb5a;Cyb5,1.051666669
Cyb5b,0.929819991
Cyb5r3,0.846126697
Cyba,1.345700036
Cybb,1.110559994
Cyc1,0.350766659
Cyfip1,0.762993301
Cyp20a1,0.635940003
D10Jhu81e,0.194436665
D10Wsu52e,0.258443334
D17Wsu104e,1.079773315
Dab2,1.079500002
Dad1,1.086243321
Daglb,1.25423333
Dars,0
Dbi,1.10293665
Dbr1,0.511183376
Ddb1,0
Ddost,1.332366661
Ddrgk1,0
Ddx1,0.716503312
Ddx39b;Ddx39a,1.210189998
Ddx3x;D1Pas1,0.681340022
Ddx3y,0.181116636
Ddx42,0.517419944
Ddx46,0.480499988
Ddx5,0.796816643
Decr1,0.357600014
Degs1,0.781276681
Dek,0.629966667
Dennd1a,0.625913349
Dhrs1,1.034440015
Dhrs4,0.288969994
Dhrs7,1.087966653
Dhx15,0.203763323
Dhx9,0.32347999
Diap1;Diaph1,0.481850063
Diap2;Diaph2,1.187319996
Dirc2,1.257700045
Dlat,0
Dld,0.656543331
Dlst,0.60638002
Dmxl1,0.741966654
Dnaja1,0.931436635
Dnaja2,0.466566684
Dnajb11,1.055043345
Dnajb6,0.955229994
Dnajc13,0.41632005
Dnajc3,1.254743355
Dnajc5,1.463499966
Dnajc8,0.754743339
Dnajc9,0.766656626
Dnase1l1,0.377513377
Dnase2;Dnase2a,1.15322333
Dnm2,0.801110003
Dnm3,0.235616667
Dock2,0.618116683
Dock8,0.353749967
Dok1,0.397966666
Dok2,1.14119668
Dok3,0.37706666
Dpep2,0
Dpm1,0.812983302
Dpp7,1.179316647
Dpysl2,0.828286687
Dram1,1.357503331
Dram2,0.959836651
Drg1,0
Dscr3,1.434366658
Dstyk,0.899833321
Dtx3l,0.245983338
Dusp22,0.703863332
Dusp3,0
Dync1h1,0.826033328
Dync1i2,0
Dync1li1,2.060233042
Dynll2,0.672496693
E030010N08Rik,0
Ear2;Ear3,1.660633309
Ece1,0.143216687
Echs1,0.925853306
Edil3,0.886316666
Eea1,0.229603307
Eef1a1,1.162056661
Eef1b,0
Eef1d,0.440333313
Eef1g,0.895383272
Eef2,1.139386617
Efhd2,0.752999967
Ehbp1l1,0
Ehd1,1.57646654
Ehd4,1.797100073
Eif1a;Eif1ax,0
Eif2s1,0.379533332
Eif2s3x;Eif2s3y,0.537900002
Eif3d,0.503473327
Eif3l,0
Eif4a1;Eif4a2,0.877626647
Eif4e,0.72943004
Eif4e2,0
Eif4enif1,0
Eif4g1,0.228480002
Eif4g2,0.735306658
Eif4h,2.208000023
Eif5a;Eif5a2,1.100973318
Eif6,0.858640002
Elavl1,0.461199994
Elmo1,0.910986634
Elmo2,1.197353346
Elovl1,0.412333333
Emb,0.673623343
Emd,1.738166634
Emp2,0.898520008
Emr1,0.631013313
Endod1,0.745399997
Eno1,0.888723321
Ensa,0
Entpd1,0.696943318
Eny2,0.904539972
Epb4.1;Epb41,0.691309984
Epb4.1l1;Epb41l1,0.539600017
Epb41l2,0.663023327
Ephx1,0.883619983
Eppk1,0.525999962
Eps15l1,0.622926706
Erap1,0.252803317
Erbb2ip,0.238039995
Ergic1,0.425666659
Erh,0.590640018
Erlin1,1.170166671
Erlin2,0.994379975
Erp29,0.938506667
Erp44,0.931589974
Esd,0.996750007
Esyt1,0.573229994
Esyt2,0
Etf1,1.00225001
Etfa,0.502453318
Etfb,0.590396687
Etfdh,0
Evi2a,0
Evi2b,0.563690003
Evl,1.070869972
Ewsr1,0.394833334
Ezr,0.557823349
F13a1,0
Faf2,0.274156674
Fam108b1,1.515666624
FAM120A,0
Fam125a,0.700253362
Fam129a,0.873433319
Fam129b,0.863826689
Fam168a,0.248406667
Fam177a1,0
Fam195b,1.082733187
Fam21,0.549450026
Fam26f,1.53829999
Fam3c,0.816993324
Fam45a,0.992903337
Fam49b,0.87415665
Fam50a,2.752233354
Fam54b,0.503489994
Far1,0
Farsa,0
Farsb,0.25811332
Fbln2,0.375499996
Fcer1g,1.000926654
Fcgr1,0.847859981
Fcgr2;Fcgr2b,0.363210038
Fcgr3,0.637886657
Fcgr3P08508,0.626746675
Fcgrt,0.519283323
Fcrls,0.566083348
Fdps,0.353533347
Fen1,1.343099959
Fermt3,1.035310019
Fes,1.52496984
Fh,1.000783394
Fis1,1.139973309
Fkbp15,1.070740009
Fkbp2,1.023066663
Fkbp8,0.36483332
Flcn,0.525710006
Flna,1.217333352
Flnc,0.089189983
Flot1,1.399966626
Flot2,1.334399982
Fmnl1,0.95754331
Fn1,0.63806335
Fnbp1,0.27150333
Folr2,0.797689978
Frmd8,0
FRRS1,0.417736669
Fth1,0.510543354
Ftl1;Ftl2,0.557856641
Fuca1,0.70865334
Fuca2,0.802293313
Fus;Taf15,0
Fxyd5,0
Fyb,1.047370004
Fyco1,0
Fyn,0.828393355
G3bp1,0.755023362
G3bp2,0.429336625
G6pdx,0.891543322
Gaa,1.180133371
Gabarap;Gabarapl1,0.341333351
Gabarapl2,0.726890004
Gak,1.238066764
Galc,1.201466671
Galns,0.549943366
Galnt2,0.568729966
Galnt7,0.560929953
Ganab,0.874973323
Gapdh;Gm7293;Gm6316,0.990860004
Gas7,0.63363336
Gba,1.371833334
Gbp5,0.693316666
Gclm,0
Gdap2,1.773633333
Gdi2,0.764396688
Ggh,0.949746693
Ggta1,0
Gla,0.847976654
Glb1,0.968760013
Glb1l,0
Glg1,0.420176707
Glipr1,0.961266665
Glipr2,0.693076637
Gls,0
Glt25d1,0.595103328
Gltp,1.806366385
Glud1,0.551323333
Gm10036;Rpl11;Gm10288;Gm5093;Gm7589,0.87165
Gm10119;Rps3a;Gm9000,0.778716683
Gm10126;Rps29,0.723433594
Gm10320;Sec61b,1.203316666
Gm13646;Hist1h2bf;Hist1h2bb;Hist1h2bk;Hist1h2bp,1.399700005
Gm14548,0.405049996
Gm16477;Rpl7a;Gm5619;Rpl7a-ps10;Rpl7a-ps5;Rpl7a-ps3;Gm17415;Gm4978;Gm5459,0.495990007
Gm17352;Rps18;Gm5321,0.864996653
Gm20390;Nme2;Nme1,0.906643346
Gm20425;Srprb,0.407633352
Gm20431;Ube2v1;Gm8325;Ube2v2;Gm5830;Gm10088,0.366999982
Gm20489;Il2rg,0.632023321
Gm20498;Synj2bp,0.32381335
Gm2382;Mthfs,0.634016646
Gm2a,1.018083321
Gm5431;OTTMUSG00000005540;9930111J21Rik,0.298443347
Gm5576;Eif4a3,0.836533082
Gm6377,0
Gm8394;Psma5,1.018973313
Gm9755;Tufm,1.139433332
Gmip,0.606133329
Gmpr2,0.982996673
Gna13,0.918020024
Gnai2;Gnai1,1.24263337
Gnai3,0.873843332
Gnaq,0.84514999
Gnas,1.063023371
Gnb1,1.419500014
Gnb2,1.355033305
Gnb2l1,0.884659996
Gnb4,0.408599997
Gng12,1.362499995
Gng2,0.999266664
Gng5,1.132476675
Gns,1.08378001
Golga1,0
Golga4,0.716333324
Golga5,0
Golga7,1.288163318
Golgb1,0.586476679
Gosr1,0.177830008
Got2,0.585366636
Gp49a,0.184933321
Gpatch8,0
Gpd2,0.307223334
Gpi;Gm1840,1.3362
Gpld1,0
Gpnmb,1.169673325
Gpr107,0.582193343
Gpr108,0
Gpr137b,1.06277997
Gpsm3,0.30221666
Gpx1,1.102066695
Gpx4,0.756313353
Grap2,0
Grb2,0.667216663
Grn,0.842026667
Grpel1,0
Gsdmdc1,0
Gsn,0.930783354
Gstk1,0
Gstm1,0.835666671
Gtf2f1,0.826173354
Gtf2f2,1.803900265
Gusb,0.416609979
Gvin1,0.699486652
H1f0,1.010646648
H2-Aa,0.956883352
H2-Ab1,1.123810016
H2-D1,0.58248668
H2-D1;H2-L,0.695890013
H2-DMa,0.343570044
H2-DMb1;H2-DMb2,0.862813352
H2-K1,0.610709981
H2-T23,0
H2afx,1.090750001
H2afy,0.578583355
H2afz;H2afv,1.150700048
Hadha,0.82623665
Hadhb,0.792296673
Hba;Hba-a1,0
Hbxip,2.024466576
Hck,0.767743364
Hcls1,1.375000007
Hdac1;Gm10093,0.38886668
Hdhd2;Ier3ip1,0.410966707
Heatr7a,1.504400016
Hexa,1.010079986
Hexb,1.038119976
Hfe,0.388566668
Hgs,0.237026704
Hgsnat,1.317566677
Hint2,0
Hist1h1a,0.732543281
Hist1h1b,0.775873355
Hist1h1c,0.674916701
Hist1h1d,0.732963369
Hist1h1e,0.954423309
Hist1h2af;Hist1h2ab;Hist3h2a;Hist1h2ah,1.087426679
Hist1h3b;Hist1h3a,0.844466647
Hist1h4a,1.204406665
Hist2h2aa1;Hist1h2al;Hist2h2ac,3.091632798
Hist3h2bb;Hist3h2ba,0.202259995
Hk1,0.839236658
Hk2,0.407200009
Hm13;H13,0.794196664
Hmga1,0
Hmga2,0
Hmgb1,1.561010116
Hmgb2,1.047756702
Hmgcl,0.371800043
Hmgn2,0
Hmha1,0.678363327
Hmox1,1.232300019
Hmox2,1.094720031
Hn1l,2.504866549
Hnrnpa0,1.274899993
Hnrnpa1,0.632819976
Hnrnpa2b1,0.737726681
Hnrnpa3;Gm6793;Gm8991,0.894086651
Hnrnpab,0
Hnrnpc,0.766766684
Hnrnpd,0.957566658
Hnrnpf,1.620633245
Hnrnph1,1.572513574
Hnrnpk;Gm7964,1.104726666
Hnrnpl,0.907126681
Hnrnpm,1.228199984
Hnrnpu,0.627619998
Hp1bp3,0.824973326
Hpcal1;Hpca,0.634130026
Hps1,0.693270016
Hps3,0
Hps4,1.642999993
Hpse,1.273633377
Hras1,0.858283319
Hs2st1,0.277983345
Hsd17b10,0.928269968
Hsd17b11,0.813033311
Hsd17b12,0.873033331
Hsd17b4,0.480236636
Hsdl1,0
Hsp90aa1,0.790886662
Hsp90ab1,0.750503342
Hsp90b1,0.806723347
Hspa4,0.899320023
Hspa5,1.028206661
Hspa8,0.948540006
Hspa9,0.611806702
Hspd1,0.662086642
Hspe1,0.544633308
Hspg2,0
Htatip2,0.798423301
Hvcn1,0.484066647
Hyal1,0.946259996
Hyou1,0.910860026
Icam1,0.701986669
Idh1,0.705563334
Idh2,0.646716671
Idh3a,0.27683
Idh3b,0.323493341
Idh3g,0
Ids,0.996016651
Idua,1.236566676
Ifi204,1.079966668
Ifi205b,1.447416514
Ifi30,0.929573334
Ifit1,0.539600017
Ifitm2,0.398216604
Ifitm3,0.755416652
Ifngr1,0
Igbp1,0
Igf2r,0.529116702
Igsf6,0.51556336
Igtp,0.93262336
Il16,1.181513364
Ilk,0.65324332
Ilvbl,0
Inf2,0.441463354
Inpp5d,0.711256652
Iqgap1,0.787740016
Iqgap2,0
Irf2bp2,1.231726642
Irgm1,1.122500002
Irgm2,1.03650003
Isg15,0.841539988
Isg20,0.340933323
Ist1,0.880306655
Itch,0.909933381
Itga4,0.849813309
Itga5,0.731299992
Itga6,0.56523997
Itgam,0.489376679
Itgav,0.565076674
Itgax,0.459359974
Itgb1,0.487403344
Itgb2,0.456896596
Itgb5,0.534819957
Itm2b,0.582789998
Itsn2,0.738986646
Jak1,1.36551983
Jup,0.213023323
Kat2a,0
Kcnab2,0.492006663
Kcnk6,1.54566668
Kcnn4,0.84483334
Kctd12,1.260199992
Kdelr1,0.375216693
Kdm1a,0
Kdm3b,0.901199971
Khdrbs1,0.693006663
Khsrp,1.078433366
Kiaa0196,0.679966673
Kiaa0226;1700021K19Rik,1.81293336
Kiaa0907,0.248433339
Kiaa1033,0.540473298
Kiaa1598,0.281133328
Kiaa1671,0.610016647
Kif13b,0
Kif16b,0.640206653
Kif1a,1.609299925
Kif5b,0.582620004
Kpnb1,1.111249949
Kras,1.1452
Krt28;Krt24,3.332799981
Krt76,3.79426601
Lamp1,1.368266673
Lamtor1,2.347399528
Lamtor2,1.772533119
Lamtor3,1.500666661
Lancl1,0
Laptm5,0.238926625
Lasp1,1.707033318
Lat2,0
Lbr,0.86249999
Lcp1,1.005793344
Lcp2,1.090396675
Ldha,0.768176652
Ldlr,0.248529997
Lgals1,0.863476657
Lgals3,1.383399991
Lgals3bp,0.877633334
Lgals3bpF6VRP8,0.817006644
Lgals8,1.18596669
Lgals9,0.931046638
Lgmn,0.983353306
Lig1,0.729776666
Lilrb3,0.509906739
Lilrb4,0.411340005
Lima1,1.262670025
Limd2,1.316866698
Lims1,1.290466404
Lin7c;Lin7a,0.655866685
Lipa,0.881563352
Lman1,0.935130002
Lman2,0.868920013
Lmbrd1,1.061123311
Lmbrd2,0.763119993
Lmna,0.920366658
Lmnb1,1.095983327
Lmnb2,1.14938667
Lnpep,0.439286708
Loh12cr1,1.588766679
Lpcat2,0.398866648
Lpl,0.439156641
Lrp1,0.328706702
Lrp1b,0.156126676
Lrpap1,1.093766689
Lrpprc,0
Lrrc25,0.658073349
Lrrc57,1.457500022
Lrrc59,0.741156618
Lrrc8c,0
Lsp1,1.168306626
Lss,1.079163308
Ly86,1.813199916
Ly9,0.586166655
Lyn,0.60524661
Lypla2,0
Lyz1,0.903499991
Lyz2,1.063813312
M6pr,0.430556687
Macf1,0.723453325
Magt1,0
Man1a1,0.487043339
Man1c1,0
Man2a1,0.396033314
Man2b1,1.058570001
Man2b2,1.124460012
Manba,1.006196668
ManbaQ8K2I4,0.708543328
Manf,0.754496657
Map1s,0.376733335
Map2k1;Map2k2,1.328233329
Map2k4,0.746600008
Map3k11,0.173616672
Map4;Mtap4,0.781513336
Mapre1,1.772500152
Marc2;Mosc2,0.52251
Marcks,1.06313668
Marcksl1,0.990146682
Mark2,0
Matr3,0.563196678
Mavs,0
Mboat7,0.250990002
Mbp,1.056026665
Mcl1,0.834473334
Mcoln1,0.548376657
Mcoln2,0
Mdh1,0.798859986
Mdh2,0.511056643
Me2,0
Mef2bnb;2310045N01Rik,0.97296664
Mesdc2,0.180800002
Mettl3,0.53553334
Mettl7a1;Mettl7a2-Higd1c;Ubie;Mettl7a2;Mettl7a3;AB099516,0.673269987
Mfge8,1.090243336
Mfsd1,1.604999932
Mfsd12,1.14118332
Mfsd7,0
Mfsd8,1.325100041
Mgat1,0
Mgp,0
Mia3,0.726819994
Mic1,1.499366658
Milr1,0.539690059
Mki67,1.28944686
Mlec,1.122166656
Mlst8,0.947406581
Mob1b;Mob1a,0.734289981
Mob4,0.549666677
Mon1a,1.359099963
Mon1b,1.37679996
Mpdu1,0
Mpeg1,0.635813296
Mpo,0.886410023
Mpp1,1.199366652
Mrc1,0.425616605
Ms4a4c,0.529736677
Msn,0.793266669
Msr1,0.245106659
Msra,0.430333333
Mtatp8;mt-Atp8,0.611133342
Mtch2,0.435666684
Mtco1;mt-Co1,0.344779993
Mtco2;mt-Co2,0.934283311
Mtdh,0.566656671
Mtss1,0.482086678
Mvp,0.753253301
Myadm,1.217999955
Myh14,0.204250031
Myh9,0.552989956
Myl12a;Myl12b;Myl9,0.834133309
Myl3;Myl1,1.48837348
Myl6,1.219953317
Myo1c,0
Myo1e,0.701873343
Myo1f,1.099113299
Myo1g,0.748173337
Myo5a,0.616923362
Myof,0.359436598
Naaa,1.333500007
Naca,0.944003324
Naga,1.280449995
Naglu,0.96280001
Nagpa,0.569463323
Nap1l1,0
Napa,1.113376642
Napg,1.055176693
Napsa,1.552699998
Nceh1,1.103436701
Ncf1,0.607899978
Ncf2,0.350233315
Nckap1l,0.870780006
Ncl,0.399596638
Ncoa3,1.00538669
Ncor1,0.554450006
Ncstn,0.474906592
Nde1;Ndel1,1.229566734
Ndufa10,0.307996688
Ndufa4,0.721336656
Ndufa6,0.259473318
Ndufc2,0.538066652
Ndufs1,0.728756687
Ndufs2,0
Ndufs3,0
Ndufv1,0.809266701
Ndufv2,0
Neb,0.344283393
Necap2,1.017159977
Nek2,0.087636671
Neu1,1.037143361
Nfam1,0.340333344
Nfatc2ip,0
Nhlrc3,0.683653347
Nhp2l1,0.653866629
Nhsl2,0.405666676
Nin,0.306519996
Nipsnap3b,0
Nisch,0
Nmt1;Nmt2,0
Nob1,0.261303327
Nomo1,0
Nono,1.224499979
Npc1,1.37539998
Npc2,0.391353292
Npm1,0.63969335
Nptn,0.711610001
Nrp1,0.591159964
Nrp2,0.773643328
Nsdhl,0.942696683
Nsf,1.023550041
Nucb1,0.690363326
Nucb2,0.892626635
Nudc,0.540223339
Numa1,1.069016672
Numb,0.554433329
Numbl,1.014996664
Nup54,0.383633337
Nup62,0.72679999
Nutf2,0.228513341
Oas1a;Oas1g,0.694473364
Oas3,0.754966684
Oat,0.358976655
Ogdh,0.300363379
ORF3,0
Osbp,0.994626641
Osbpl11,1.564199989
Osbpl1a,0.717520059
Osbpl6,0.362879989
Osbpl8,0.569890038
Osbpl9,1.010846684
Ostf1,0.924276641
Ostm1,1.234766679
Otud7a,0.64865335
Oxct1,0.555756664
P2rx4,1.645233337
P2rx7,1.082249996
P33monox;4833439L19Rik,0
P4hb,0.909636688
Pa2g4,1.094340004
Pabpc1;Pabpc6,0.642689924
Paics,0.670849996
Paip1,0.678766674
Pak2,0.490709967
Parp1,0.918730005
Parp14,0
Pcbp1,1.162303289
Pcbp2;Pcbp3,0.399833317
Pcdhb2,0
Pck2,0.183196659
Pcmt1,0
Pcna,0.931710007
Pcnp,2.85373319
Pcyox1,1.301100002
Pcyox1l,0.837066714
Pcyt1a,0.30485001
Pdcd6,0.597356647
Pdcd6ip,0.918866648
Pdha1,0.309853335
Pdhb,0.571679959
Pdia3,0.975893339
Pdia4,0.918333328
Pdia6,0.84875666
Pdlim2,0.932040014
Pdlim5,1.314600031
Pdxk,0.328793326
Pef1,0.832499964
Pepd,0
Pex14,0.412499993
Pf4,1.743000055
Pfkp,0.538309995
Pfn1,1.081166649
Pgam1,1.035769995
Pgd,0.738093371
Pgk1,0.968109987
Pgrmc1,0.621806676
Pgrmc2,0.50627334
Phb,0.849126668
Phb2,0.918399985
Pi4k2a,1.278300031
Pi4ka,0
Pid1,0.784253329
Pigs,0.452633352
Pigt,0
Pik3ap1,0.645289963
Pik3c3,1.150783328
Pik3cg,0.650703329
Pik3r4,0.798783326
Pion,1.231433341
Pip4k2a,0.98105998
Pip4k2b,0
Pitpna,1.042356672
Pkm2,0.992896655
Pkn1,1.065909991
Pla2g15,0.556966664
Pla2g7,0.855910003
Plau,0.45214667
Plaur,0
Plbd1,1.150630027
Plbd2,1.030183339
Pld1,0.757523315
Pld3,0.966653338
Pld4,1.062336651
Plec,1.305333315
Plek,1.457829999
Plekha1,0
Plekho1,0.787993335
Plekho2,1.331866719
Plod1,0.321240007
Plod3,0
Plscr3,1.023700016
Pltp,1.214033343
Plxdc1,0.377233342
Plxna1,0
Plxnb2,0.566056676
Pnp,1.0365933
Pon2,1.321033366
Pon3,1.103766634
Por,1.049033315
Ppia,1.128699988
Ppib,0.968423338
Ppm1h,0.192949993
Ppp1ca,1.059793331
Ppp1cb,0
Ppp1cc,0.783353319
Ppp1r12a,0.619503343
Ppp1r12c,0.907663316
Ppp1r18,1.449566534
Ppp2ca;Ppp2cb,1.090593301
Ppp2r1a,0.872160027
Ppt1,1.557866667
Ppt2,0.472163357
Pqbp1,0.427666675
Prcc,1.045489985
Prcp,1.006309999
Prdx1,1.361900031
Prdx2,1.273033337
Prdx3,0.79973665
Prdx4,1.328833346
Prdx5,0.707639996
Prkacb,1.085873329
Prkar1a,0.95990665
Prkca,0
Prkcd,0.204979992
Prkcsh,0.946350006
Prpf19,0.38933334
Prpf31,1.267996448
Prpf40a,0.569493349
Prrc2c,0.773390023
Psap,0.644536707
Psen1,1.207900024
Psen2,0.917980013
Psma1,1.064239956
Psma4,0.094623314
Psma6,0.367800004
Psma7,0.877020002
Psmb1,1.076913354
Psmb10,1.16445998
Psmb3;Gm5356,0
Psmb8,0.704396659
Psme1,0
Pstpip1,0.868466663
Ptbp1,1.201749988
Ptgs1,0
Ptp4a2,1.253166673
ptplad1,0.281556663
Ptpn1,0.960493339
Ptpn23,0.73935668
Ptpn6,1.181519981
Ptpn9,1.261599959
Ptpra,0.691853321
Ptprc,0.467540016
Ptpre,0.895673322
Ptprj,0.732146675
Ptpro,0
Ptrh2,0.715800018
Pttg1ip,1.236589767
Pxk,0.174736657
Pzp;A2m,0.709303317
Qki,0.873966649
Rab10,0.939229987
Rab11a,0.151716668
Rab11b;Rab11a,0.817800019
Rab11fip5,0.773566672
Rab12,0.953539976
Rab13,1.163600008
Rab14,0.661353324
Rab18,1.077966657
Rab19,1.417666648
Rab1A;Rab1,1.11599998
Rab1b,1.101233332
Rab21,1.062459954
Rab22a,0.675630002
Rab23,0.383733361
Rab27a,1.305676651
Rab2a,1.021856646
Rab31,1.010936657
Rab32,1.089579973
Rab33b,0.845599969
Rab34,1.041666656
Rab35,1.136786621
Rab39a,1.522100034
Rab3a,0.897113314
Rab3d,1.214900043
Rab4b,1.121013316
Rab5a,1.117599948
Rab5b,1.144499976
Rab5c,1.007046681
Rab6a,0.70409
Rab6a;Rab6b,0.383453333
Rab7a,1.051300018
Rab7b;5430435G22Rik,1.48996668
Rab7l1,1.407166655
Rab8a,1.23026663
Rab8b,1.253766711
Rab9a;Rab9,1.084013351
Rabl3,0.922129983
Rac1;Rac3,1.038853329
Rac2,1.860566672
Rala,0.790519993
Ralb,1.07275002
Raly;C130057N11Rik,1.076196664
Ran;1700009N14Rik,1.084413333
Ranbp1,0
Ranbp2,0
Rangap1,0
Rap1a,0.940786685
Rap1b,1.518266649
Rap2a,1.22029999
Rap2b,1.226400037
Rap2c,0.795236722
Rasa3,0
Rasa4,0
Rassf4,0
Raver1,0.145176666
Rbbp4,1.231263315
Rbm25,0.558166664
Rbm3,1.148329756
Rbmx;Rbmxl1,0
Rbp4,0.519593356
Rcc1,1.333033324
Rcn2,0.966440014
Rcor1,0.255780006
Rdh11,1.254803337
Rdh14,0.727646703
Rdx,0.94783006
Reep5,0.55046333
Rer1,0.769900003
Rftn1,0.690090003
Rgs1,0.48506665
Rgs10,0.995033308
Rgs18,0.895570007
Rgs19,0.969306678
Rgs3,0
Rhbdf2,0.227556657
Rhoa;Rhoc,1.238896669
Rhob,0.881366659
Rhog,0.921713331
Ripk1,0.50839998
Ripk3,0.737873346
Rit1,0
Rnaset2,0.708536662
Rnd1,0
Rnd3,0.330639999
Rnf128,0
Rnf13,0.666583332
Rnf213,0.765069993
Rnh1,0.993116667
Rock1,0.730346653
Rock2,0.914449993
Rod1;Ptbp3,0
Ros1,0
Rp2,1.219400019
Rpl10;Rpl10l,0.436923364
Rpl10a,0.853419989
Rpl12;Rpl12-ps1,0.989226665
Rpl13;Rpl13-ps3,0.666356698
Rpl14,0
Rpl17,0.383679976
Rpl21;Gm9104;Rpl21-ps6,0
Rpl22,0.657546708
Rpl22l1,0.615039993
Rpl23,0.839136673
Rpl23a-ps3;Rpl23a;Gm10335;Gm3940,0.63916663
Rpl24,0
Rpl26,0.567643319
Rpl27,0
Rpl28,0.291366678
Rpl3,0.501060021
Rpl30,0.976363325
Rpl31;Gm16382,0.780166673
Rpl34;Gm2178,0
Rpl35a,0.690646692
Rpl37a,1.00773334
Rpl38,1.075566641
Rpl4,0
Rpl5,0.327506699
Rpl6;Gm5428,0.607133324
Rpl8,0
Rpl9;Rpl9-ps6,0.791613326
Rplp0;Gm8730,0.76243002
Rplp1;Gm10073,0.391746655
Rplp2,0.428653296
Rpn1,1.019576689
Rpn2,1.009173342
Rprd2,0.983923317
Rps10,0.922166677
Rps11,0.625393352
Rps12,0.726703338
Rps13,0.767396662
Rps14,0.78676332
Rps15,0.904206669
Rps15a,0.73284336
Rps16,0.854796706
Rps17,1.392740212
Rps19;Rps19-ps13;Rps19-ps1,1.253000042
Rps2;Rps2-ps6;Gm6576;Rps2-ps5;Gm8225,0.365656681
Rps20,0.860993337
Rps21,1.360703365
Rps23,0.609130001
Rps25,0.887299997
Rps26,0.289183331
Rps27a,0.491870002
Rps27l,0.858866671
Rps28,1.361399995
Rps3,0.859080002
Rps4x;Rps4y2,0.519250022
Rps5,0.781860023
Rps6,0.34463334
Rps6ka1,1.227899984
Rps7;Gm9493,0.812299976
Rps8;Gm11353,0.146419996
Rps9,4.31163394
Rpsa-ps10;Rpsa,0.737523346
Rptor,0
Rraga;Rragb,1.326466658
Rragc,1.453999925
Rras,1.025329988
Rrbp1,0.873356651
Rsad2,0.120256643
Rsu1,0.860049975
Rtn1,0.26780998
Rtn4,0.696976675
Rtn4Q8BH78;Q8BHF5;Q99P72-1,0.733753343
Rufy1,0.405620021
Rufy2,0.151659996
Ruvbl1,0.874963321
S100a10,1.433413211
S100a11;Gm7665,0.606416665
S100a13,0.406066664
S100a4,1.111200007
S100a6,1.244440011
Saa3,0.210683334
Sacm1l,1.083403318
Samm50,1.475333365
Sar1a,0
Sarnp,1.535526434
Sash3,1.355866672
Scamp1,1.40046663
Scamp2,1.3425
Scamp3,1.641200045
Scamp4,0.927123333
Scarb1,0.823906676
Scarb2,1.351433308
Scfd1,0.958320007
Scp2,0.834746666
Scpep1,0.81827668
Scyl2,0.490459972
Scyl2Q8CFE4,0.516533285
Sdc4,0.638403289
Sdcbp,1.098119986
Sdf2l1,0.810319985
Sdha,0.968359956
Sdhb,0.718420008
Sec11a,0.826166653
Sec13,0
Sec16a,0
Sec22b,1.130489985
Sec23b,0.886726679
Sec24b,0.439566638
Sec24c,0
Sec31a,1.164466656
Sec61a1;Sec61a2,1.080463333
Sec62,0
Sel1l,0
Sema4d,0
Serbp1,0.550423294
Serinc1,0.754346664
Serinc3,0.180356648
Serpinb6a;Serpinb6,0.813443325
Serpinc1,0.382799991
Sf1,0.910450001
Sf3b4,0
Sfn,0
Sfpq,0.933306671
Sft2d2,0
Sfxn1,0.983816668
Sfxn3,0.838323303
Sgpl1,0.968170012
Sh3bgrl3,1.214730015
Sh3bp1,1.012086652
Sh3bp2,0
Sh3gl1,0.687746671
Sh3glb1,0.843756684
Sh3glb2,0
Sh3kbp1,0.365799979
Sh3pxd2b,0.841620021
Shmt2,0.203453344
Siae,0.661229984
Sidt2,1.105499997
Siglec1,0.948379989
Sigmar1,0.201093339
Sipa1,0.931833111
Sirpa,0
SirpaE0CYM8;P97797;E9QPT7;P97797-3,0.560783364
Sirt2,0.682523309
Skap2,0.930523346
Skp1,0.910676638
Slc11a1,1.467766483
Slc12a4,0.662983347
Slc12a6,0
Slc12a7,1.128900007
Slc12a9,1.547033314
Slc15a3,1.288766693
Slc15a4,1.325866672
Slc16a1,0
Slc16a10,0.525880004
Slc16a3,0.602963336
Slc17a5,1.141043344
Slc1a5,0
Slc23a2,1.205056654
Slc25a1,0.993250015
Slc25a10,0.40908329
Slc25a11,0.709283326
Slc25a12,0.336433331
Slc25a13,0.676699995
Slc25a24,0.79404336
Slc25a3,0.830870023
Slc25a4,0.560860004
Slc25a5,0.752100023
Slc26a11,1.61040004
Slc29a3,1.847333406
Slc2a1,0.169019991
Slc2a6,1.404733353
Slc2a8,1.733566408
Slc30a7,0
Slc31a1,1.538999997
Slc36a1,1.388367017
Slc37a2,1.213466651
Slc38a2,0.646929997
Slc38a7,1.165899981
Slc38a9,1.247780026
Slc3a2,0.712860002
Slc43a2,0.702923291
Slc44a2,0.64809667
Slc46a3,0.236530003
Slc48a1,1.702267101
Slc4a2,0.700496744
Slc4a7,0
Slc6a6,0.516660048
Slc7a1,0.231823335
Slc7a5,0
Slc7a8,0.203443332
Slc9a6,0.697166653
Slc9a9,0.338716628
Slco4a1,0.524333361
Smap1,1.119096644
Smap2,0.769966683
Smarca5,0.26899001
Smarcc2,0
Smc1a,0
Smc2,0
Smpd1,1.190333377
Smpdl3a,0.73415667
Smpdl3b,0.807063336
Snap23,0.931496673
Snap29,0.584683308
Snapin,0.820666641
Snd1,0.292246651
Snf8,0
Snrpa;Gm5145,0.210533337
Snrpc,0.185726669
Snrpd3,0.926726668
Snrpn;Snrpb,0.217493336
Sntb2,0.306389966
Snx1,0.64329332
Snx11,1.337033388
Snx12,0.589243352
Snx16,0.608786661
Snx17,0.312653377
Snx2,0.986419988
Snx20,0
Snx27,0.367409973
Snx29,0.17337666
Snx3,0.445216647
Snx30,0
Snx4,0
Snx5,0.690099958
Snx6,0.386266669
Snx8,0.287039986
Sod1,1.284966666
Sod2,0.62634333
Spag7,1.889633279
Spcs2,1.039083305
Spcs3,0.900510042
Spe39,0.283686657
Specc1,0.739576658
Spg20,0.864496664
Spg21,1.622266637
Sphk2,1.724766679
Spn,0.681526637
Spns1,1.598066637
Sppl2a,1.036033333
Spryd7;6330409N04Rik,0.653823343
Sptbn1,1.613959962
Sptlc2,0.403899985
Sqrdl,0.861290019
Sqstm1,0.969143303
Sri,1.610799983
Srp14,0.397199992
Srp19,0
Srp54;Srp54c,0.626166677
Srp68,1.156866696
Srp9,0
Srsf3;Gm12355,0.906900003
Ssr1,0.855906681
Ssr3,1.051433316
Ssr4,1.272966672
Ssrp1,0.357733319
St13,0
St3gal1,0.179449996
Stab1,0.287583262
Stam,0
Stam2,0
Stambpl1,0
Stard3,0.678666683
Stard3nl,0.783729983
Stat1,1.063696668
Steap3,0.451480019
Stk11ip,1.206533353
Stk24;Mst4;2610018G03Rik;Stk25,0.181133324
Stk3,0
Stk38,0.999053347
Stmn1,0.234339994
Stmn2,0.581026657
Stom,1.487300054
Strn,0.8165167
Sts,0.202880006
Stt3a,1.048276676
Stx11,0
Stx12,0.964736682
Stx16,0
Stx17,1.179300051
Stx2,0.568200028
Stx3,1.037536663
Stx4,0.741593332
Stx5;Stx5a,0.326186656
Stx6,0.630803326
Stx7,1.308966678
Stx8,1.732766626
Stxbp1,1.154053325
Stxbp2,0.88115333
Stxbp3,0.66244334
Stxbp5,0.823526671
Sub1,0.67222668
Sucla2,0.208246665
Suclg1,0.825700014
Sugp1,0.24216999
Sumo2;Sumo3,1.012786659
Sun2,0.777163334
Surf4,0.94303667
Swap70,0.24596668
Syk,0.521073326
Syncrip,0.305209992
Syngr1,1.030616662
Syngr2,1.083400005
Synrg,0.73118334
Sypl1;Sypl,0.930096645
Tagln2,1.62940003
Taok3,0.368956725
Tap1,0.921566683
Tap2,1.205199973
Tapbp,1.048463308
Tardbp,1.453193305
Tbc1d22a,0
Tbc1d2b,0
Tbc1d5,1.009450036
Tbl1x,0.445066648
Tbxas1,0
Tceb1,0.790066686
Tceb2,1.222299995
Tcirg1,1.549399959
Tcof1,0
Tcp1,1.0098567
Tdrd7,0.723863274
Tecpr1,1.063633354
Tecr,0.882133354
Tes,1.633933381
Tex264,0.67914666
Tfe3,0.911656669
Tfrc,0.346806641
Tgfbi,0.231339993
Tgm2,0.226423342
Themis2,1.608683361
Thrap3,0.622686677
Timm44,1.076766689
Timm50,0
Timm9,0.566933333
Tkt,1.561066727
Tln1,0.958629984
Tlr13,0.988843321
Tlr2,0.70555666
Tlr3,1.173566664
Tlr7,1.386766646
Tlr8,1.65336665
Tlr9,1.802499954
Tm7sf3,1.263166676
Tm9sf1,0.430850011
Tm9sf2,0.497780017
Tm9sf3,0.659080016
Tm9sf4,0.465823352
Tmco1,1.038933306
Tmed10,0.753086657
Tmed2,1.085633342
Tmed4,0.88167999
Tmed5,0
Tmed7,0.977003358
Tmed9,0.903896637
Tmem104,0.89668668
Tmem106a,1.262299968
Tmem106b,1.676833416
Tmem106c,1.696000175
Tmem109,0.725473323
Tmem120a,0.378233302
Tmem144,1.68376666
Tmem14c,0
Tmem165,0.139423292
Tmem173,0.615166657
Tmem175,1.321866698
Tmem176b,0.402199976
Tmem179b,1.835266674
Tmem192,1.048200005
Tmem206,0.450263314
Tmem30a,0.819843342
Tmem43,1.060236671
Tmem55a,1.163933358
Tmem55b,1.829366488
Tmem63a,1.426633295
Tmem87a,0.460686737
Tmem9b,0.740256694
Tmpo,1.066676651
Tmsb4x,2.777333978
Tmx1,0.940613284
Tmx2,0
Tmx3,0.932283329
Tmx4,1.050406667
Tnf,0
Tnfaip2,0
Tnfaip8l2,0
Tnfrsf23,0.091196641
Tns1,0.210363338
Tollip,1.893700016
Tom1,1.58483334
Tomm40,0.700386641
Tomm70a,0.510899985
Top2a,0.702466582
Tor1aip1,0.914163303
Tor1aip2,0.383799995
Tor3a,1.28816662
Tpcn1,1.291833323
Tpcn2,1.623600039
Tpd52,0.524993283
Tpd52l2,0.595206661
Tpi1,0.918703326
Tpm3-rs7;Tpm3,1.069539993
Tpm4,0.280789988
Tpp1,1.477266679
Tpt1,0
Trafd1,0.602033344
Trem2,0.977056661
Trex1,1.183566656
Trim14,1.063683355
Trim21,0
Trim28,0
Trpv2,0.593089999
Tsen34,0.740533291
Tsg101,0.913993325
Tspan14,0.220846672
Tspan31,0
Ttc35,0.986633356
Ttk,0
Ttn,0.594066692
Ttyh2,0
Ttyh3,1.207766661
Tuba1a;Tuba3a,0
Tuba1b,0.946646663
Tuba4a,0.502026656
Tubb4b,1.000353337
Tubb5,0.977389991
Txn,0.90331999
Txndc12,0.709523352
Txndc5,1.111746671
Tyrobp,0.581393321
Uba1,0.570066646
Ubap2,0
Ubap2l,1.057303319
Ube2d3;Ube2d2,1.140399961
Ube2l3,0.923223325
Ube2n,1.112099975
Ubl3,0.934933318
Ubl5;Gm2001,1.111689988
Ubtf,0.214226669
Ubxn4,0.610293359
Ufd1l,1.078203341
Ufm1,0
Uggt1,0.812663325
Ugt1a7c,0.992023295
Unc13d,0.338690032
Unc93b1,1.294766715
Upf1,0
Uqcrb,0.712393344
Uqcrc1,0.886153317
Uqcrc2,0.817766671
Uqcrfs1,0.312669994
Uqcrh,0.537816675
Usmg5,0.561799997
Usp12;Usp46,0.35526665
Uvrag,0.961730021
Vac14,0
Vamp3,1.980299948
Vamp4,0.334766666
Vamp7,1.302733302
Vamp8,1.593666687
Vapa,1.106466641
Vapb,1.274066669
Vasp,0.907143316
Vat1,1.517033373
Vcp,0.947433324
Vdac1,1.156500026
Vdac2,1.127866682
Vdac3,1.211999986
Vim,1.044576664
Vmp1,0
Vps11,1.132363302
Vps13c,0.838096666
Vps13d,0.110853367
Vps16,1.120509958
Vps18,0.888690025
Vps26a,0.89668002
Vps26b,0.533556675
Vps28,1.03566666
Vps29,0.87714666
Vps33a,1.262519996
Vps33b,0.971736662
Vps35,0.772430011
Vps37b,1.267266669
Vps37c,1.107766679
Vps39,1.071916665
Vps41,0.735930007
Vps45,1.026893277
Vps4a,0
Vps4b,1.147919992
Vta1,0.937016643
Vti1a,0.834666661
Vti1b,1.528199952
Vwa5a,1.044100012
Was,0.908016668
Wasf2,0.256423324
Wash1,1.367000013
Wbp11,0.389666686
Wdfy2,0.125973353
Wdfy4,0.20817667
Wdr1,1.027803309
Wdr41,0.447566667
Wdr45l,0.722599979
Wdr5,0.863973334
Wdr7,1.117800002
Wdr70,0
Wdr81,1.101519997
Wdr91,1.070640031
Wipf1,0.755463348
Wnk1,0.782023371
Wwp1,1.690799985
Wwp2,0.813093362
Yipf3,0
Ykt6,0.727999995
Ythdf3;Ythdf1,0.823856654
Ywhab,0.897846684
Ywhae,0.73853667
Ywhag,1.083336647
Ywhah,0.986303372
Ywhaq,1.074769982
Ywhaz,1.172533306
Zadh2,0.212766659
Zc3hav1,1.20644666
Zdhhc20,0.827746676
Zfand2a,0.480786688
Zfyve19,0
Zmiz1,0.469950001
Zmpste24,0.687583325
Znf703,0.513853281
Znrf1,0
Znrf2,0
Zyx,0.704866771
0,0.926279995
Q9DAM7,1.457850086
Q8K039;D3YWR8,0.529006691
Q9D735,0
Q9D6W8,0.279530013
Q9D0B6;Q9D0B6-2,0.843130027
Q8CAQ8-3;Q3TZK4;E9PVS5,1.20095018
Q7M6Y3-5;Q7M6Y3-3;Q7M6Y3-2,1.112800008
Q3TYS2,1.102616658
P17047-3,1.918266835
Q5F285,0.742799886
Q9CRC6,0
J3QNB0;Q9CQE8,0
Q6PIU9,0.216910004
Q9ES97-3,0.830473319
Q8VE96;D6RHL1,0
Q8C708,0.266473339
Q8K1J5,0
P10404,0.853199998
Q8R239;Q8R239-3;Q8R239-2,0.378399984