Gene names,2015 Dill Calreticulin Late
Septin-2,1.015969998
Septin-7,0.939393329
Septin-8,1.096699994
Septin-9,0.939603354
Septin-11,0.818783344
15 kDa selenoprotein,0.900099982
0610031J06Rik,1.364800014
1700112E06Rik,1.162156685
2310022A10Rik,0.307020012
2410018M08Rik;Chchd2,0
2810422J05Rik;Uba52;Ubc;Ubb,0.397439996
4632428N05Rik,0.460493293
4732456N10Rik,1.446666624
5031439G07Rik,0.686366683
9030624J02Rik,0.688613328
Aak1,0.692556658
Abca3,1.208803316
Abcb11,0.341466665
Abcb1b,0.896860003
Abcb6,1.274800044
Abcc1,0.61641337
Abcc3,0
Abcd1,0.59805998
Abcd3,0.448666646
Abcd4,1.123176669
Abcf2,0.388266677
Abhd12,0.832323325
Abi1,0.861503345
Abr,0.077516675
Acaa1a;Acaa1b,0.639426661
Acaa2,0.943716637
Acadl,1.139753305
Acadm,0.564409991
Acads,1.194133316
Acadvl,0.646233345
Acap2,0.906240003
Acat1,0.662036605
Acbd3,0
Aco2,0.787826666
Acot13,0.409890002
Acox3,0.556159971
Acp2,1.374666667
Acp5,0.76953337
Acsl1,0.317080001
Acsl4,0.894093312
Acsl5,1.064599982
Actc1;Acta1;Acta2;Actg2,1.075180017
Actn1,0.162686619
Actn4,0.916533376
Actr1a;Actr1b,0
Actr2,0.788776669
Actr3,1.033460006
Adam10,1.002326686
Adam17,0.93328665
Adam8,0.503876697
Adam9,0.61769002
Adcy7,0
Aga,0.515259965
Agfg1,0.956726664
Agfg2,0.794610012
Agps,0.642736671
Agtrap,1.62846669
Ahnak,0.866973322
Ahnak2,1.048333365
Ahnak2F7CVJ5,1.095213327
Ahnak2E9PYB0,1.272199965
Ahsa1,1.032926677
AI607873,1.182100035
Aif1,0.486766672
Aifm1,1.234169934
Aifm2,0.802246676
Akap10,1.031769979
Akr1a1,0.658720009
Akr1b1;Akr1b3,0.740353326
Alcam,0.558019984
Aldh2,0.686539971
Aldh3a2,1.094133315
Aldh3b1,0.756490008
Aldh9a1,0.713183317
Aldoa;Aldoart1,0.897873343
Alg2,0.38173334
Alg5,0.840839988
Alox5,0.659933316
Alox5ap,0.524846657
Alyref;Alyref2;Refbp2,0.99201998
Ankfy1,1.0654867
Ankh,0.942150023
Anln,0.345333337
Ano6,0
Anp32b,0.473563334
Anpep,0.548556703
Antxr2,0
Anxa1,1.052349972
Anxa11,1.114833268
Anxa2,1.098133337
Anxa3,0.848136495
Anxa4,0.963570017
Anxa5,4.117027847
Anxa6,0.943726679
Anxa6P14824,0.918810001
Anxa7,1.131093341
Aoah,1.21231997
Ap1b1,1.399666672
Ap1g1,1.189233304
Ap1g2,1.050166703
Ap1m1,1.328466664
Ap1s1,1.157539971
Ap1s2,1.477066694
Ap2a1,0.871763343
Ap2a2,1.080540021
Ap2b1,1.082663329
Ap2m1,0.822480002
Ap2s1,1.081740007
Ap3b1,1.299933374
Ap3d1,0.900660008
Ap3m1,1.367633294
Ap3s1,1.333766659
Ap3s2,0.863299999
Aph1a,0.380540017
Apmap,0.981650011
Apoa1bp,0
Apob,0.808183308
Apobr,0.910256666
Apoe,0.741899991
App,0.778569966
Apr3;0610007C21Rik,0.609766712
Araf,0.999733337
Arap1,0.80601668
Arf3;Arf1,1.092106677
Arf5,0.137636642
Arf6,1.356400017
Arfgap1,0.407800005
Arfgap2,1.618336617
Arfgap3,0.880556681
Arfip1,0.584726659
Arfrp1,0.71316664
Arhgap1,0.173873322
Arhgap17,0.798543343
Arhgap22,0.522133344
Arhgap25,0.837469998
Arhgap30,0.877233353
Arhgap4,0.186249983
Arhgap9,0
Arhgdia,0.718573335
Arhgdib,0.651910015
Arhgef1,0.936663305
Arhgef10l,0.76484666
Arhgef2,0.956096655
Arhgef7,0.53857001
Arl1,0.538823316
Arl4c,0.738066672
Arl6ip5,0.954180003
Arl8a,1.179666652
Arl8b,1.620166638
Armc10,0
Arpc1b,1.021520004
Arpc2,0.927613314
Arpc3,1.289606678
Arpc4,1.060363335
Arpc5,0.91659
Arpp19,1.843960114
Arrb2,0.791076653
Arsa,0.884923342
Arsb,1.064876689
Arsk,0.901436659
Asah1,1.355833328
Asah2,0.451593342
Asph,1.061740002
Ass1,0.54196668
Atad1,0
Atl3,1.096383333
Atp11a,1.137803319
Atp11c,0.732593382
Atp13a2,1.259333361
Atp1a1,0.625249901
Atp1a3,0.54156333
Atp1b3,0.659169992
Atp2a2,0.95058667
Atp2a3,0.745933332
Atp2b1,0.685533348
Atp2b3,0.699483305
Atp5a1,1.036149995
Atp5b,1.040203309
Atp5c1,0.998683351
Atp5d,1.188666892
Atp5f1,0.843886639
Atp5h;Gm10250,0.826093325
Atp5i;Atp5k,0
Atp5j,1.127876642
Atp5j2,0.832329982
Atp5l;Atp5l-ps1,0.62152996
Atp5o,1.004466711
Atp6ap1,0.890486687
Atp6ap2,1.784316483
Atp6v0a1,0.82269666
Atp6v0c,1.157636676
Atp6v0d1,1.355533358
Atp6v0d2,1.527496651
Atp6v1a,1.575599979
Atp6v1b2,1.450966669
Atp6v1c1,1.177629996
Atp6v1d,1.314733349
Atp6v1e1,1.481333356
Atp6v1f,1.011609961
Atp6v1g1,1.622866553
Atp6v1h,1.405899959
Atp8a1,1.204640009
Atp9b,0.594853316
Atpif1,0.848813305
Atrn,0.55722668
Atxn2l,0.329236666
Aup1,0
B2m,1.054066693
B4galnt1,0.685596713
B4galt1,0.748280006
Bag3,0.592756663
Bak1,0.884963357
Banf1,0.880713321
Basp1,0.992780039
Bax,0.473976668
BC017647,0.334353334
Bcap31,1.071433348
Bcat2,0.289246659
Bcl7b,0.431733336
Bclaf1,0.707509994
Becn1,1.058906694
Bin1,0.286210003
Bin2,0.764323332
Birc6,3.807833521
Blmh,0.654886711
Blnk,1.145633355
Bloc1s1,0.817899986
Blvrb,0.94660665
Bmp2k,0
Bola1,0.544299984
Bphl,0.867266638
Bri3,1.129799989
Bst1,0
Bst2,0.718046671
Btd,0.365933347
Btf3,1.84436642
C1qa,0
C1qb,1.050893339
C1qbp,0.493649956
C1qc,1.162689965
C3,0.466300021
C3ar1,0.306843345
C5ar1,0.551330014
Cab39,0
Cacybp,0
Cadm1,0.506283293
Calm1;Calml3,0.267346708
Calr,1.000976667
Calu,0.594883358
Camk2d,0.781666688
Canx,0.91696001
Cap1,1.050293313
Capg,0.967696672
Capn1,0.926379998
Capn2,1.434666652
Capn5,0.255106665
Capns1,1.021906691
Caprin1,0.923816679
Capza1,1.016720013
Capza2,1.067979997
Capzb,1.037549997
Cast,1.016073358
Cat,0.45664002
Cbl,0.77087333
Cbr2,0.540620013
Cbx3,0.403096664
Cc2d1b,1.657433018
Ccdc115,0.942839979
Ccdc12,1.867033038
Ccdc22,1.063663315
Ccdc50,0
Ccdc53,0.318103334
Ccdc75,0.983466677
Ccdc88b,0
Ccdc93,0.950616663
Cct2,0.801179989
Cct3,0.674099995
Cct4,1.011646653
Cct5,0.654966643
Cct6a,0.947776685
Cct7,1.215376684
Cct8,0.561813329
Ccz1,1.258799993
Cd14,0.651396706
Cd151,0.33872337
Cd180,1.217000004
Cd1d1;Cd1d2,1.467016497
Cd200r1,0.294073307
Cd2ap,0.517906667
Cd300a,0.554643352
Cd300lh;OTTMUSG00000003606,0.513779984
Cd36,0.827726667
Cd44,0.706849959
Cd47,0.634260038
Cd48,0.460160018
Cd5l,0.662419982
Cd63,0.656686634
Cd68,1.081433284
Cd72,0.587229954
Cd74,0.819599986
Cd81,0.210676672
Cd82,0.321539993
Cd84,0.57631672
Cd9,0.875003367
Cd93,0.780509994
Cdc42,1.113063374
Cdc42bpb,0.244340006
Cdc42ep4,0.903886671
Cdca3,1.155879978
Cdipt,0.716966662
Cdk1,0.953533302
Cdk14,0
Cdk18,0.953506666
Cdk2;Cdk3,0.427800033
Cdk5,1.157346659
Cdkn1b,0
Cds2,0.608620016
Cenpe,0.123509978
Cep41;Tsga14,0.778866645
Cep55,1.002503312
Cers2;Lass2,0.571453354
Cfl1,1.058896646
Cfp,0.650816678
Chchd3,0.687459993
Chd4,0.571200006
Chd6,0.584366655
Chi3l3,0.822803315
Chi3l4,0.243376673
Chmp1a,0.957523364
Chmp2a,1.494913181
Chmp2b,1.030320033
Chmp4b,1.204293403
Chmp5,0.967773325
Chmp6,1.415866702
Cisd1,0.452433355
Cisd2,0.914619985
Ckap4,1.042863351
Ckap5,0.900406662
Ckb,0.864350001
Clcn5,0.535836688
Clcn6,0.260186678
Clcn7,1.139466647
Clec10a;Mgl1;Mgl2,0.676906645
Clec12a,0.696210004
Clec4e,0.625466664
Clic1,1.069576671
Clint1,0.774653338
Cln3,1.066066667
Cln5,0.998823307
Clptm1,0.988573321
Clrn2,0.74476667
Clta,1.15976
Cltc,1.049259992
Cmtm6,0.177826655
Cndp2,1.187433359
Cnn2,0.929116646
Cnot4,0
Cnp,1.114633343
Cnpy2,0.836433334
Cnpy3,0.442783342
Cnpy4,0.51022339
Col4a4,0
Col6a3,0.83372684
Colec12,0
Commd1,1.135633332
Commd10,0.957909969
Commd2,0.977073338
Commd3,1.010369983
Commd4,0.973660011
Commd5,0.820473347
Commd6,1.13767666
Commd7,1.00716333
Commd8,1.289806891
Commd9,1.141996664
Comt,1.615666851
Copb2,0.812043323
Coro1a,0.972836683
Coro1c,0.749989947
Coro2a,0.329916676
Cotl1,1.149123363
Cox4i1,0.862093319
Cox4nb,0.863466662
Cox5a,0.628013348
Cox5b,1.155586627
Cox6a1,0.262466739
Cox6b1,1.027183354
Cox6c,0.995049967
Cox7a2,0.69678337
Cox7c,0.830023347
Cpd,1.005416825
Cpne1,0.852996659
Cpne2,1.796530238
Cpne3,0.473879966
Cpq,1.007566669
Cpt1a,1.302233334
Cr1l,0.387053312
Creg1,0.924056656
Crip1,1.571686518
Cs,0.601510088
Csf1,0.652643341
Csf1r,0.506393371
Csf2ra,0
Csk,0
Csnk1a1,0.71147666
Csnk1g3,0
Csnk2b,0
Csrp1,1.106330003
Cst3,0.523610078
Cst7,0.513733336
Cstb,1.23245999
Ctbs,1.029416638
Ctdsp1,1.349473376
Ctnnd1,0.787660008
Ctsa,1.013746682
Ctsb,1.020779998
Ctsc,1.074790035
Ctsd,1.217413337
Ctsf,1.38919998
Ctsh,1.171299989
Ctsl1,1.072266666
Ctso,0.498066644
Ctss,0.829756679
Ctsz,0.855673333
Cttnbp2nl,0.640490008
Cuedc2,0
Cux1,0.427233328
Cwc15,1.288389709
Cxcl2,0
Cyb5a;Cyb5,1.071363297
Cyb5b,0.965636707
Cyb5r3,0.876546667
Cyba,0.811540023
Cybb,0.924496688
Cyc1,1.211633607
Cyfip1,0.870850008
Cyp20a1,0.966809989
D10Jhu81e,0.694939984
D10Wsu52e,0.619363307
D17Wsu104e,0.949976635
Dab2,0.917366664
Dad1,1.137909988
Daglb,1.078206666
Dars,0.116153336
Dbi,1.020396684
Dbr1,0.674499953
Ddb1,0
Ddost,1.375433315
Ddrgk1,0
Ddx1,0.609563333
Ddx39b;Ddx39a,1.149423352
Ddx3x;D1Pas1,0.927453325
Ddx3y,0.364146696
Ddx42,0.909663372
Ddx46,0.985766695
Ddx5,0.953379998
Decr1,0
Degs1,0.949496638
Dek,0.895633564
Dennd1a,0.854789999
Dhrs1,1.111333324
Dhrs4,0.185856661
Dhrs7,1.074006694
Dhx15,0.253733339
Dhx9,0.721400086
Diap1;Diaph1,0.694760018
Diap2;Diaph2,1.215933319
Dirc2,1.073476647
Dlat,0.721166689
Dld,0.649533368
Dlst,0.787189987
Dmxl1,1.017336693
Dnaja1,0.759770001
Dnaja2,0.880076624
Dnajb11,0.993840017
Dnajb6,0.92274332
Dnajc13,0.474116633
Dnajc3,0.880899982
Dnajc5,1.087989996
Dnajc8,1.053033346
Dnajc9,0.902733335
Dnase1l1,0.312373272
Dnase2;Dnase2a,0.978309988
Dnm2,0.849389998
Dnm3,0
Dock2,0.73406333
Dock8,0.512536655
Dok1,0.819496677
Dok2,0.885773311
Dok3,1.108246658
Dpep2,0
Dpm1,1.006113336
Dpp7,1.15930333
Dpysl2,0.812133325
Dram1,1.051933326
Dram2,1.035436656
Drg1,0.178866659
Dscr3,1.060066648
Dstyk,0.51306663
Dtx3l,0
Dusp22,0.469606705
Dusp3,0.243109993
Dync1h1,0.786799998
Dync1i2,0
Dync1li1,1.475300301
Dynll2,0.586093336
E030010N08Rik,0.263053327
Ear2;Ear3,1.174739996
Ece1,0.34062664
Echs1,1.333103315
Edil3,0.816000011
Eea1,0.350336753
Eef1a1,1.085220016
Eef1b,0.745936655
Eef1d,0.409033327
Eef1g,1.091026649
Eef2,1.04134665
Efhd2,0.697966655
Ehbp1l1,0.222656664
Ehd1,1.223890044
Ehd4,1.401033456
Eif1a;Eif1ax,0
Eif2s1,0.934220028
Eif2s3x;Eif2s3y,1.234263348
Eif3d,0.762149983
Eif3l,0
Eif4a1;Eif4a2,0.99980664
Eif4e,0.561853331
Eif4e2,0
Eif4enif1,0.673876667
Eif4g1,0.632780017
Eif4g2,0.819043349
Eif4h,1.767299887
Eif5a;Eif5a2,1.06144999
Eif6,1.01432334
Elavl1,1.244566664
Elmo1,0.884133308
Elmo2,0
Elovl1,0.360633344
Emb,0.750093323
Emd,1.320699986
Emp2,0.541160002
Emr1,0.68849667
Endod1,0.669266867
Eno1,0.921400037
Ensa,0.3568
Entpd1,0.535113298
Eny2,0.930793357
Epb4.1;Epb41,0.844416665
Epb4.1l1;Epb41l1,0.752733354
Epb41l2,0.656283341
Ephx1,1.036649976
Eppk1,1.201666452
Eps15l1,0.895426675
Erap1,0.581966655
Erbb2ip,0.173203321
Ergic1,1.327323345
Erh,0.79484666
Erlin1,1.170200041
Erlin2,1.172003358
Erp29,1.064699964
Erp44,0.933380038
Esd,0.998386662
Esyt1,0.794686665
Esyt2,0
Etf1,1.379666691
Etfa,0.513189972
Etfb,0.708479946
Etfdh,0
Evi2a,0.191039994
Evi2b,0.526620018
Evl,1.043723354
Ewsr1,0.51524667
Ezr,0.907033328
F13a1,0
Faf2,0.416833317
Fam108b1,1.277226651
FAM120A,0
Fam125a,0.890236668
Fam129a,0.863219999
Fam129b,0.580813332
Fam168a,0.57277
Fam177a1,0
Fam195b,0.322686673
Fam21,0.794583328
Fam26f,1.323583284
Fam3c,0.529800001
Fam45a,0.836083333
Fam49b,0.773699986
Fam50a,1.71241314
Fam54b,0.651173333
Far1,0.223169999
Farsa,0.896889964
Farsb,0.593596674
Fbln2,0
Fcer1g,0.836680006
Fcgr1,0.802203346
Fcgr2;Fcgr2b,0.167189992
Fcgr3,0.263866663
Fcgr3P08508,0.64605666
Fcgrt,0.387729973
Fcrls,0.851173382
Fdps,0.74415999
Fen1,1.391
Fermt3,1.009146693
Fes,1.042216943
Fh,0.739043334
Fis1,1.048053317
Fkbp15,0.898916672
Fkbp2,1.106439989
Fkbp8,0.546456646
Flcn,0.71019334
Flna,1.114683327
Flnc,0.228053323
Flot1,1.204499977
Flot2,1.226166697
Fmnl1,0.955670019
Fn1,0.481113391
Fnbp1,0.693729981
Folr2,0.842453332
Frmd8,0
FRRS1,0.60398334
Fth1,0.567206696
Ftl1;Ftl2,0.555833336
Fuca1,0.829770004
Fuca2,1.070976659
Fus;Taf15,0
Fxyd5,0
Fyb,0.926929996
Fyco1,0
Fyn,1.070716672
G3bp1,0.924613335
G3bp2,0.621070016
G6pdx,0.994050007
Gaa,0.98583662
Gabarap;Gabarapl1,0
Gabarapl2,0.587973351
Gak,1.03707999
Galc,0.995536664
Galns,0.517813328
Galnt2,0.608620004
Galnt7,0.724430017
Ganab,1.18331669
Gapdh;Gm7293;Gm6316,0.910209986
Gas7,0
Gba,1.285433329
Gbp5,1.666366518
Gclm,0
Gdap2,1.540199996
Gdi2,0.737866663
Ggh,0.903049968
Ggta1,0.17201666
Gla,0.908780011
Glb1,0.996606693
Glb1l,0
Glg1,0.583210034
Glipr1,0.644869995
Glipr2,0.782866638
Gls,0
Glt25d1,0.542886681
Gltp,0.997866658
Glud1,0.74652331
Gm10036;Rpl11;Gm10288;Gm5093;Gm7589,1.001206676
Gm10119;Rps3a;Gm9000,0.866536657
Gm10126;Rps29,0.993099723
Gm10320;Sec61b,1.26638333
Gm13646;Hist1h2bf;Hist1h2bb;Hist1h2bk;Hist1h2bp,1.315226654
Gm14548,0.591970051
Gm16477;Rpl7a;Gm5619;Rpl7a-ps10;Rpl7a-ps5;Rpl7a-ps3;Gm17415;Gm4978;Gm5459,0.664879995
Gm17352;Rps18;Gm5321,0.960203307
Gm20390;Nme2;Nme1,0.970923322
Gm20425;Srprb,0.640833347
Gm20431;Ube2v1;Gm8325;Ube2v2;Gm5830;Gm10088,0.874900037
Gm20489;Il2rg,0.301726664
Gm20498;Synj2bp,0.730353307
Gm2382;Mthfs,0.270319988
Gm2a,1.080969973
Gm5431;OTTMUSG00000005540;9930111J21Rik,0.324866672
Gm5576;Eif4a3,0.519200004
Gm6377,0.555800023
Gm8394;Psma5,0.91148664
Gm9755;Tufm,0.995503364
Gmip,0.332970003
Gmpr2,0.699696666
Gna13,0.81190999
Gnai2;Gnai1,1.180066642
Gnai3,0.854999976
Gnaq,0.713389981
Gnas,0.884433317
Gnb1,1.273166625
Gnb2,1.069400002
Gnb2l1,0.92090334
Gnb4,0.363899986
Gng12,1.147710002
Gng2,0.834646676
Gng5,1.085166688
Gns,0.942619998
Golga1,0.268969986
Golga4,0.784459982
Golga5,0.209316667
Golga7,1.346933349
Golgb1,0.380233329
Gosr1,0.268979998
Got2,0.714126641
Gp49a,0.309999995
Gpatch8,0.210723337
Gpd2,0.512966672
Gpi;Gm1840,1.218033359
Gpld1,0
Gpnmb,0.973960007
Gpr107,0.499640009
Gpr108,0
Gpr137b,0.659283315
Gpsm3,0
Gpx1,0.68639999
Gpx4,1.106523323
Grap2,0
Grb2,0.754700031
Grn,0.651216624
Grpel1,0.617229994
Gsdmdc1,0
Gsn,0.832913337
Gstk1,0
Gstm1,0.711066659
Gtf2f1,1.03696994
Gtf2f2,1.717800038
Gusb,0.333250049
Gvin1,0.925093354
H1f0,0.773983327
H2-Aa,0.707403329
H2-Ab1,0.748173325
H2-D1,0.517226673
H2-D1;H2-L,0.697356684
H2-DMa,0.359133316
H2-DMb1;H2-DMb2,0.716513342
H2-K1,0.743429991
H2-T23,0
H2afx,1.114516651
H2afy,0.667426669
H2afz;H2afv,0.540673335
Hadha,0.89504668
Hadhb,0.933040031
Hba;Hba-a1,0
Hbxip,1.568033471
Hck,0.877189961
Hcls1,1.255883364
Hdac1;Gm10093,0.809526676
Hdhd2;Ier3ip1,0.375
Heatr7a,1.178596659
Hexa,1.014573351
Hexb,1.043559988
Hfe,0.14030667
Hgs,0.47699333
Hgsnat,1.05327665
Hint2,0
Hist1h1a,0.658686661
Hist1h1b,0.777229992
Hist1h1c,0.760209997
Hist1h1d,0.720109978
Hist1h1e,0.776053328
Hist1h2af;Hist1h2ab;Hist3h2a;Hist1h2ah,1.051353339
Hist1h3b;Hist1h3a,0.937273349
Hist1h4a,1.090106655
Hist2h2aa1;Hist1h2al;Hist2h2ac,2.631687204
Hist3h2bb;Hist3h2ba,0.679280035
Hk1,1.015793343
Hk2,1.182300037
Hm13;H13,0.867363333
Hmga1,0
Hmga2,0
Hmgb1,1.257466685
Hmgb2,1.137033337
Hmgcl,0.693876642
Hmgn2,0
Hmha1,0.786729992
Hmox1,1.173123317
Hmox2,0.96371664
Hn1l,2.505126643
Hnrnpa0,0.986669991
Hnrnpa1,0.692656689
Hnrnpa2b1,0.805999987
Hnrnpa3;Gm6793;Gm8991,0.77729331
Hnrnpab,0.553626687
Hnrnpc,0.97246665
Hnrnpd,0.302026658
Hnrnpf,1.683776637
Hnrnph1,1.44046689
Hnrnpk;Gm7964,1.204353336
Hnrnpl,0.907213318
Hnrnpm,1.102166647
Hnrnpu,0.763423329
Hp1bp3,2.387620169
Hpcal1;Hpca,0.785006689
Hps1,0.293129993
Hps3,0
Hps4,1.510733331
Hpse,1.117813307
Hras1,0.841683331
Hs2st1,0.340066672
Hsd17b10,0.545666658
Hsd17b11,0.929763326
Hsd17b12,0.931063331
Hsd17b4,0.616603319
Hsdl1,0
Hsp90aa1,0.98520335
Hsp90ab1,0.929613349
Hsp90b1,1.038489986
Hspa4,0.472296635
Hspa5,1.249066684
Hspa8,0.974140009
Hspa9,0.746383298
Hspd1,0.833300056
Hspe1,0.805286694
Hspg2,0.348133325
Htatip2,1.105936701
Hvcn1,0.480466645
Hyal1,0.331593335
Hyou1,1.060133319
Icam1,1.312909991
Idh1,0.38933334
Idh2,0.517139998
Idh3a,0.758219983
Idh3b,0.609503322
Idh3g,0
Ids,1.029633339
Idua,0.882673335
Ifi204,1.030659968
Ifi205b,1.236619961
Ifi30,0.946996674
Ifit1,1.796413305
Ifitm2,0.372586645
Ifitm3,0.561849998
Ifngr1,0.824500011
Igbp1,0
Igf2r,0.567819992
Igsf6,0.646666686
Igtp,1.045266665
Il16,0.926763311
Ilk,0.279973328
Ilvbl,0
Inf2,0.707400041
Inpp5d,0.95461665
Iqgap1,0.901319991
Iqgap2,0
Irf2bp2,1.313066668
Irgm1,1.141410017
Irgm2,1.019733318
Isg15,0.881360006
Isg20,0.82323333
Ist1,0.982060016
Itch,1.301799943
Itga4,0.892229977
Itga5,0.695303305
Itga6,0.566359982
Itgam,0.468546641
Itgav,0.60883666
Itgax,0
Itgb1,0.530513354
Itgb2,0.431576717
Itgb5,0.425980005
Itm2b,0.644956691
Itsn2,0.715900005
Jak1,0.416033333
Jup,0.560996634
Kat2a,0
Kcnab2,0.341899991
Kcnk6,1.776233365
Kcnn4,1.140850002
Kctd12,1.143676667
Kdelr1,0.691009926
Kdm1a,0
Kdm3b,1.08286658
Khdrbs1,0.710733388
Khsrp,1.251233331
Kiaa0196,0.670443316
Kiaa0226;1700021K19Rik,1.419653641
Kiaa0907,0
Kiaa1033,0.757649979
Kiaa1598,0.259799993
Kiaa1671,0.854966668
Kif13b,3.414001043
Kif16b,0.68610667
Kif1a,0.735100037
Kif5b,0.608926684
Kpnb1,1.016306664
Kras,1.088066713
Krt28;Krt24,4.272866696
Krt76,6.028233732
Lamp1,1.141999964
Lamtor1,1.800966395
Lamtor2,1.614866682
Lamtor3,1.572133336
Lancl1,0
Laptm5,0.549845667
Lasp1,1.072763344
Lat2,0
Lbr,0.762440009
Lcp1,0.885149998
Lcp2,1.252356688
Ldha,1.038480026
Ldlr,0.451500002
Lgals1,0.980680008
Lgals3,1.754966652
Lgals3bp,0.829076683
Lgals3bpF6VRP8,0.882203306
Lgals8,1.280333328
Lgals9,1.192350012
Lgmn,1.013216649
Lig1,1.0262133
Lilrb3,0.543013321
Lilrb4,0.53620006
Lima1,0.945520005
Limd2,1.240613359
Lims1,0
Lin7c;Lin7a,0.411
Lipa,0.99780001
Lman1,0.894196689
Lman2,0.94044
Lmbrd1,0.693366646
Lmbrd2,0.921916654
Lmna,0.986823349
Lmnb1,1.18620666
Lmnb2,1.097096634
Lnpep,0.520383315
Loh12cr1,1.239433361
Lpcat2,0.287993329
Lpl,0.575790012
Lrp1,0.41092668
Lrp1b,0.35555999
Lrpap1,1.192900029
Lrpprc,0
Lrrc25,0.57951332
Lrrc57,1.639513367
Lrrc59,1.100156665
Lrrc8c,0
Lsp1,0.526406677
Lss,1.038553358
Ly86,1.087033353
Ly9,0.477546649
Lyn,0.604733343
Lypla2,0
Lyz1,0.791156675
Lyz2,0.924233323
M6pr,0.506726701
Macf1,0.863553318
Magt1,1.550420234
Man1a1,0.789650011
Man1c1,0
Man2a1,0.377920024
Man2b1,0.891860007
Man2b2,1.093276654
Manba,0.921640024
ManbaQ8K2I4,0.771166699
Manf,1.006213327
Map1s,0.297199996
Map2k1;Map2k2,2.550866774
Map2k4,0
Map3k11,0.650966646
Map4;Mtap4,0.746950011
Mapre1,0.742600019
Marc2;Mosc2,0.614026684
Marcks,0.70111665
Marcksl1,1.297966676
Mark2,0.508746665
Matr3,0.835726649
Mavs,0
Mboat7,0
Mbp,0.969806662
Mcl1,1.074679987
Mcoln1,0.395333331
Mcoln2,0.751733339
Mdh1,0.945566676
Mdh2,0.652446631
Me2,0
Mef2bnb;2310045N01Rik,0
Mesdc2,0.403600033
Mettl3,0.881966699
Mettl7a1;Mettl7a2-Higd1c;Ubie;Mettl7a2;Mettl7a3;AB099516,0.921670021
Mfge8,0.971143343
Mfsd1,1.305200005
Mfsd12,1.025466688
Mfsd7,0.503200025
Mfsd8,1.08566998
Mgat1,0
Mgp,0
Mia3,0.893433335
Mic1,1.316566609
Milr1,0.658566645
Mki67,1.521799825
Mlec,1.156386645
Mlst8,0.659033359
Mob1b;Mob1a,0.942076649
Mob4,0.886360016
Mon1a,1.225100034
Mon1b,1.319099982
Mpdu1,0
Mpeg1,0.546050004
Mpo,0.814389985
Mpp1,1.074966657
Mrc1,0.490663373
Ms4a4c,0.151876704
Msn,0.804139997
Msr1,0.359086634
Msra,0
Mtatp8;mt-Atp8,0.995799709
Mtch2,1.019389992
Mtco1;mt-Co1,0.084329984
Mtco2;mt-Co2,1.037776704
Mtdh,0.331066668
Mtss1,0.928416646
Mvp,0.744150012
Myadm,1.068343382
Myh14,0.230323337
Myh9,0.707559973
Myl12a;Myl12b;Myl9,1.176669991
Myl3;Myl1,1.337553319
Myl6,1.266560015
Myo1c,0
Myo1e,0.706819971
Myo1f,0.913083318
Myo1g,0.626233348
Myo5a,0.890960012
Myof,0.46255005
Naaa,1.127933337
Naca,1.11499998
Naga,1.286033344
Naglu,0.964966676
Nagpa,0.760243311
Nap1l1,0
Napa,0.914056686
Napg,0.992733319
Napsa,1.466833317
Nceh1,1.127833355
Ncf1,0.779746677
Ncf2,0
Nckap1l,1.239876667
Ncl,0.929569952
Ncoa3,1.762426744
Ncor1,0.352070043
Ncstn,0.674859997
Nde1;Ndel1,0.618476663
Ndufa10,0.172979994
Ndufa4,0.925816684
Ndufa6,1.669643776
Ndufc2,0.54416667
Ndufs1,0.813360025
Ndufs2,0
Ndufs3,0
Ndufv1,0
Ndufv2,0
Neb,0.474953272
Necap2,1.512733355
Nek2,0.121390001
Neu1,1.002079981
Nfam1,0.240160002
Nfatc2ip,0.497600003
Nhlrc3,0.644000008
Nhp2l1,0.498699997
Nhsl2,0.856400018
Nin,0.612433339
Nipsnap3b,0
Nisch,0
Nmt1;Nmt2,0
Nob1,0.800683325
Nomo1,0.520533312
Nono,1.406506905
Npc1,1.242500047
Npc2,0.495683339
Npm1,0.982010014
Nptn,0.731809997
Nrp1,0.48609662
Nrp2,0.842950002
Nsdhl,0.948056676
Nsf,1.127700024
Nucb1,0.785053322
Nucb2,0.927780014
Nudc,0.955213326
Numa1,0.869023338
Numb,0.800216655
Numbl,0
Nup54,0.536529993
Nup62,0
Nutf2,0.144046698
Oas1a;Oas1g,1.074089965
Oas3,0.932079959
Oat,0.66789998
Ogdh,0.427750024
ORF3,0
Osbp,1.00605667
Osbpl11,1.283700045
Osbpl1a,1.063323351
Osbpl6,0.403775315
Osbpl8,0.889009981
Osbpl9,1.189290005
Ostf1,0.959433328
Ostm1,1.34820001
Otud7a,0
Oxct1,0.573413364
P2rx4,1.317249989
P2rx7,1.134266706
P33monox;4833439L19Rik,0
P4hb,1.058963311
Pa2g4,1.079893337
Pabpc1;Pabpc6,0.672393329
Paics,1.286133328
Paip1,0.496566676
Pak2,0.352996654
Parp1,0.844129987
Parp14,0
Pcbp1,1.017786653
Pcbp2;Pcbp3,1.089416681
Pcdhb2,0
Pck2,0.276736664
Pcmt1,0
Pcna,0.87150333
Pcnp,1.848499893
Pcyox1,1.170113343
Pcyox1l,0.413266664
Pcyt1a,1.394633295
Pdcd6,0.880570019
Pdcd6ip,0.983246668
Pdha1,0.430699991
Pdhb,0.618723345
Pdia3,1.13643337
Pdia4,1.055713324
Pdia6,1.166766665
Pdlim2,0.793173307
Pdlim5,1.274426668
Pdxk,0
Pef1,1.210503341
Pepd,0.338999986
Pex14,0
Pf4,1.699030144
Pfkp,0.383766663
Pfn1,1.057749965
Pgam1,0.935216666
Pgd,0.912266641
Pgk1,1.036799988
Pgrmc1,0.799616708
Pgrmc2,0.401299983
Phb,0.988849973
Phb2,1.000923329
Pi4k2a,1.124859996
Pi4ka,0
Pid1,0.65497332
Pigs,0.670609992
Pigt,0.392633316
Pik3ap1,0.826883275
Pik3c3,0.88334002
Pik3cg,0.591823332
Pik3r4,0.822369987
Pion,1.021296694
Pip4k2a,0.845353333
Pip4k2b,0.349933345
Pitpna,1.059749959
Pkm2,0.915020001
Pkn1,1.334333371
Pla2g15,0.600676667
Pla2g7,0.815180009
Plau,0.963969986
Plaur,0
Plbd1,0.728870002
Plbd2,1.013896678
Pld1,0.800500012
Pld3,0.888610012
Pld4,1.039683353
Plec,1.217569949
Plek,1.714166834
Plekha1,0.207463321
Plekho1,1.250066652
Plekho2,1.425073602
Plod1,0
Plod3,0
Plscr3,0.547460014
Pltp,0.747743336
Plxdc1,0
Plxna1,0.219899998
Plxnb2,0.57007996
Pnp,1.000059997
Pon2,0.901599996
Pon3,1.096096671
Por,1.090006676
Ppia,1.183660047
Ppib,1.074966675
Ppm1h,0.316280008
Ppp1ca,1.144183363
Ppp1cb,0.270840013
Ppp1cc,0.824813337
Ppp1r12a,0.733200003
Ppp1r12c,0.837579982
Ppp1r18,1.278203346
Ppp2ca;Ppp2cb,1.138486649
Ppp2r1a,0.372933344
Ppt1,1.286133351
Ppt2,0.645119958
Pqbp1,0.393599993
Prcc,0.970693346
Prcp,1.108556703
Prdx1,1.063993302
Prdx2,0.970729992
Prdx3,0.744440006
Prdx4,1.044366671
Prdx5,0.768339993
Prkacb,1.260646654
Prkar1a,0.677706685
Prkca,0
Prkcd,0.43147334
Prkcsh,1.116599995
Prpf19,0.408933313
Prpf31,1.784289966
Prpf40a,0.716539994
Prrc2c,0.973350017
Psap,0.662210039
Psen1,1.041676719
Psen2,0.95023333
Psma1,0.746633316
Psma4,0.18730666
Psma6,0.616923348
Psma7,0.796233327
Psmb1,0.739066689
Psmb10,1.029796712
Psmb3;Gm5356,0
Psmb8,1.308373181
Psme1,0.910206669
Pstpip1,0.432699992
Ptbp1,1.232999981
Ptgs1,0.45306668
Ptp4a2,1.060950038
ptplad1,0.571699991
Ptpn1,0.938943373
Ptpn23,0.921143332
Ptpn6,1.103803357
Ptpn9,0.912149987
Ptpra,0.788780033
Ptprc,0.55641337
Ptpre,1.215530041
Ptprj,0.733440008
Ptpro,0
Ptrh2,0.601783321
Pttg1ip,1.694526449
Pxk,0
Pzp;A2m,1.096296592
Qki,0.64974333
Rab10,0.928473335
Rab11a,0
Rab11b;Rab11a,1.020793339
Rab11fip5,0.957606681
Rab12,1.172746663
Rab13,0.800526712
Rab14,0.701613325
Rab18,1.084783307
Rab19,1.02809327
Rab1A;Rab1,1.163633304
Rab1b,1.053326664
Rab21,1.070830006
Rab22a,0.630583342
Rab23,0.217499999
Rab27a,1.081716859
Rab2a,0.890103339
Rab31,1.036386697
Rab32,0.957463356
Rab33b,0.723766673
Rab34,0.848433329
Rab35,1.047140013
Rab39a,1.371066642
Rab3a,0
Rab3d,1.077546667
Rab4b,1.11336663
Rab5a,1.114690012
Rab5b,1.018780001
Rab5c,1.041836625
Rab6a,0.871173318
Rab6a;Rab6b,0.324066658
Rab7a,1.062053318
Rab7b;5430435G22Rik,1.269566675
Rab7l1,1.145253369
Rab8a,1.220433343
Rab8b,1.299266716
Rab9a;Rab9,0.945333343
Rabl3,1.097266677
Rac1;Rac3,1.135566687
Rac2,1.540116675
Rala,0.790923336
Ralb,1.01171664
Raly;C130057N11Rik,1.069053336
Ran;1700009N14Rik,1.123863301
Ranbp1,0
Ranbp2,0
Rangap1,0
Rap1a,0.726136669
Rap1b,1.508066634
Rap2a,0.842003311
Rap2b,1.25946667
Rap2c,0.77970001
Rasa3,0
Rasa4,0
Rassf4,0
Raver1,0.172823331
Rbbp4,0.523236669
Rbm25,0.711239953
Rbm3,1.386599949
Rbmx;Rbmxl1,0.75223329
Rbp4,0.913786726
Rcc1,1.053976689
Rcn2,1.052033355
Rcor1,0.651489965
Rdh11,1.048289977
Rdh14,0.903966641
Rdx,0.815870007
Reep5,0.626869997
Rer1,0.568666648
Rftn1,0.474679958
Rgs1,1.363366652
Rgs10,1.671900138
Rgs18,0.933329931
Rgs19,1.402406526
Rgs3,0
Rhbdf2,0.271890001
Rhoa;Rhoc,1.016276649
Rhob,1.072266696
Rhog,0.907449991
Ripk1,0.624093366
Ripk3,0.761963304
Rit1,0
Rnaset2,1.171400041
Rnd1,0
Rnd3,0.47013334
Rnf128,0.632746647
Rnf13,0.76980001
Rnf213,0.85134998
Rnh1,1.039563341
Rock1,0.826676658
Rock2,0.773446653
Rod1;Ptbp3,0.90002316
Ros1,0
Rp2,1.068299965
Rpl10;Rpl10l,0.467663354
Rpl10a,0.895703345
Rpl12;Rpl12-ps1,1.001846697
Rpl13;Rpl13-ps3,0.643980031
Rpl14,0.404643325
Rpl17,0.581850045
Rpl21;Gm9104;Rpl21-ps6,0.251419996
Rpl22,0.867913334
Rpl22l1,1.18660001
Rpl23,1.013143351
Rpl23a-ps3;Rpl23a;Gm10335;Gm3940,0.662500014
Rpl24,0
Rpl26,0.651816613
Rpl27,0
Rpl28,0.643370007
Rpl3,0.489713398
Rpl30,1.015776687
Rpl31;Gm16382,0.806156638
Rpl34;Gm2178,0
Rpl35a,0.828009968
Rpl37a,0.990293323
Rpl38,1.02683669
Rpl4,0
Rpl5,0.426510047
Rpl6;Gm5428,0.873133345
Rpl8,0.48085668
Rpl9;Rpl9-ps6,0.92368665
Rplp0;Gm8730,1.038509999
Rplp1;Gm10073,0.769563322
Rplp2,0.722679969
Rpn1,1.181443378
Rpn2,1.388383469
Rprd2,0.823683302
Rps10,0.904393327
Rps11,0.766839961
Rps12,0.916169986
Rps13,0.95802666
Rps14,0.910843327
Rps15,0.531513291
Rps15a,0.827723314
Rps16,1.040873299
Rps17,0.958756667
Rps19;Rps19-ps13;Rps19-ps1,1.027269963
Rps2;Rps2-ps6;Gm6576;Rps2-ps5;Gm8225,0.572099958
Rps20,0.799753322
Rps21,0.968536687
Rps23,0.227696654
Rps25,0.86199667
Rps26,0.296880018
Rps27a,0.335500002
Rps27l,0.993959983
Rps28,1.331566623
Rps3,0.938423338
Rps4x;Rps4y2,0.633143384
Rps5,0.768149988
Rps6,0.616916684
Rps6ka1,1.453466638
Rps7;Gm9493,0.940840027
Rps8;Gm11353,0
Rps9,2.384866483
Rpsa-ps10;Rpsa,0.942853333
Rptor,0.130900036
Rraga;Rragb,1.595633456
Rragc,1.324333337
Rras,0.981049997
Rrbp1,0.949653317
Rsad2,0.239420003
Rsu1,0.808486671
Rtn1,0.639253319
Rtn4,1.107539979
Rtn4Q8BH78;Q8BHF5;Q99P72-1,0.979583355
Rufy1,0.504450028
Rufy2,0.296783324
Ruvbl1,0.731656654
S100a10,2.167433192
S100a11;Gm7665,0.824886656
S100a13,0
S100a4,1.094373364
S100a6,0.830293306
Saa3,2.435433257
Sacm1l,1.065300016
Samm50,1.281686672
Sar1a,0.778333314
Sarnp,1.59080013
Sash3,1.311266665
Scamp1,1.05977665
Scamp2,1.027473314
Scamp3,1.322966694
Scamp4,0.587093342
Scarb1,0.980890008
Scarb2,1.208400013
Scfd1,1.054240006
Scp2,0.820739997
Scpep1,0.816373349
Scyl2,0.777506669
Scyl2Q8CFE4,0.572740024
Sdc4,0.593033332
Sdcbp,1.367186721
Sdf2l1,1.374266667
Sdha,0.960996636
Sdhb,1.166703316
Sec11a,1.389033364
Sec13,0.238173333
Sec16a,0
Sec22b,1.058199969
Sec23b,1.003939985
Sec24b,0.827899979
Sec24c,0.451166671
Sec31a,1.2722
Sec61a1;Sec61a2,1.423680017
Sec62,0.521159986
Sel1l,0
Sema4d,0
Serbp1,0.666689982
Serinc1,1.037756668
Serinc3,0.486006683
Serpinb6a;Serpinb6,0.851153341
Serpinc1,1.364333648
Sf1,1.059663334
Sf3b4,0
Sfn,0.36333335
Sfpq,0.842196665
Sft2d2,0
Sfxn1,1.159733314
Sfxn3,0.629573316
Sgpl1,0.999516683
Sh3bgrl3,1.379100028
Sh3bp1,1.072139974
Sh3bp2,0.366233356
Sh3gl1,0.823400002
Sh3glb1,1.125940003
Sh3glb2,0.275900007
Sh3kbp1,0.607260003
Sh3pxd2b,0.710130024
Shmt2,0.994353342
Siae,0.728149993
Sidt2,1.07366665
Siglec1,0.907046678
Sigmar1,0.206459999
Sipa1,0
Sirpa,0
SirpaE0CYM8;P97797;E9QPT7;P97797-3,0.493423305
Sirt2,0.645056656
Skap2,0.930813323
Skp1,0.678960011
Slc11a1,0.791899985
Slc12a4,0.782156663
Slc12a6,0
Slc12a7,0.849679994
Slc12a9,1.28503335
Slc15a3,0.979640041
Slc15a4,1.088530008
Slc16a1,0.233526665
Slc16a10,0
Slc16a3,0.682023298
Slc17a5,0.747106681
Slc1a5,0.746266846
Slc23a2,1.132586671
Slc25a1,1.03353332
Slc25a10,0.415736668
Slc25a11,0.98610334
Slc25a12,1.30389331
Slc25a13,0.787716641
Slc25a24,1.125380025
Slc25a3,0.897376656
Slc25a4,0.603220031
Slc25a5,0.941170018
Slc26a11,1.417736647
Slc29a3,1.190350025
Slc2a1,0.566079964
Slc2a6,1.291533337
Slc2a8,1.370566624
Slc30a7,0.417566651
Slc31a1,1.267666668
Slc36a1,0.814066624
Slc37a2,1.005836664
Slc38a2,0.696563339
Slc38a7,0.819543332
Slc38a9,1.475699976
Slc3a2,0.717219984
Slc43a2,0.402206699
Slc44a2,0.672073316
Slc46a3,0.815636682
Slc48a1,1.639800132
Slc4a2,0.652586674
Slc4a7,0
Slc6a6,0.579913381
Slc7a1,0.207636676
Slc7a5,0
Slc7a8,0.564429932
Slc9a6,0.600286698
Slc9a9,0.743153341
Slco4a1,0.569853367
Smap1,0.84985333
Smap2,0.755720016
Smarca5,0.249986674
Smarcc2,0.405200006
Smc1a,0
Smc2,0
Smpd1,1.283243344
Smpdl3a,0.851803361
Smpdl3b,0.676890013
Snap23,0.795496683
Snap29,1.060766649
Snapin,0.83756667
Snd1,0.732666702
Snf8,0
Snrpa;Gm5145,0.27493668
Snrpc,0.509066664
Snrpd3,0.580676646
Snrpn;Snrpb,0.772133333
Sntb2,0.1184433
Snx1,0.800683333
Snx11,1.097170006
Snx12,0.538880015
Snx16,0.687423331
Snx17,0.69117002
Snx2,0.89070998
Snx20,0
Snx27,0.343316704
Snx29,0
Snx3,0.550433328
Snx30,0
Snx4,1.614676621
Snx5,0.684689999
Snx6,0.510180002
Snx8,0.41168658
Sod1,1.043839999
Sod2,0.636733332
Spag7,1.414666644
Spcs2,0.958756692
Spcs3,1.105953299
Spe39,0.723243297
Specc1,0.962929954
Spg20,0.980390004
Spg21,1.228599981
Sphk2,1.32396665
Spn,0.451810009
Spns1,1.618933404
Sppl2a,0.936946671
Spryd7;6330409N04Rik,0.591593365
Sptbn1,0.971533345
Sptlc2,0.828600018
Sqrdl,0.934573386
Sqstm1,1.012023368
Sri,1.096136639
Srp14,0
Srp19,1.118013333
Srp54;Srp54c,0.901789999
Srp68,1.020399979
Srp9,0
Srsf3;Gm12355,0.539166625
Ssr1,1.097743367
Ssr3,1.085016665
Ssr4,1.368966656
Ssrp1,1.211023334
St13,0.45383334
St3gal1,0.234943327
Stab1,0.308560016
Stam,0
Stam2,0.527459995
Stambpl1,0
Stard3,1.053803316
Stard3nl,0.890849967
Stat1,0.594853347
Steap3,0.636356658
Stk11ip,1.240003337
Stk24;Mst4;2610018G03Rik;Stk25,0.357433311
Stk3,0
Stk38,0.89111334
Stmn1,0.497983348
Stmn2,0.361133334
Stom,1.425366693
Strn,0.624476666
Sts,0.522386671
Stt3a,1.089809961
Stx11,0
Stx12,1.079373291
Stx16,0
Stx17,1.650963477
Stx2,0.600246671
Stx3,1.115466664
Stx4,0.872170021
Stx5;Stx5a,0
Stx6,0.586906668
Stx7,1.264733304
Stx8,1.500733392
Stxbp1,1.009086659
Stxbp2,0.897423321
Stxbp3,0.681116674
Stxbp5,0.876613336
Sub1,0.873199996
Sucla2,0.453833339
Suclg1,0.917636699
Sugp1,0.689689991
Sumo2;Sumo3,0.941593344
Sun2,0.624420005
Surf4,0.794616644
Swap70,0.184946679
Syk,0.821556677
Syncrip,0.776276671
Syngr1,0.679153331
Syngr2,0.260239994
Synrg,0.196353334
Sypl1;Sypl,0.762933332
Tagln2,1.255666646
Taok3,0.425396666
Tap1,1.11286666
Tap2,1.009576692
Tapbp,1.197133322
Tardbp,1.401566585
Tbc1d22a,0
Tbc1d2b,0
Tbc1d5,0.842750011
Tbl1x,1.456400246
Tbxas1,1.196716666
Tceb1,0.401700009
Tceb2,0.979049999
Tcirg1,1.538833365
Tcof1,0.208016677
Tcp1,1.218569821
Tdrd7,0
Tecpr1,1.607433324
Tecr,0.918186658
Tes,1.298833332
Tex264,0.781996668
Tfe3,1.089899975
Tfrc,0.545856651
Tgfbi,0
Tgm2,0
Themis2,1.162303294
Thrap3,0.881300009
Timm44,0.964033361
Timm50,0
Timm9,1.441566685
Tkt,1.080146644
Tln1,0.944886685
Tlr13,1.120790012
Tlr2,0.982553299
Tlr3,1.089766684
Tlr7,1.191480014
Tlr8,1.275589975
Tlr9,1.438600003
Tm7sf3,1.247909996
Tm9sf1,0.728026647
Tm9sf2,0.591963374
Tm9sf3,0.60878998
Tm9sf4,0.613906674
Tmco1,1.390699739
Tmed10,0.955899984
Tmed2,1.181766639
Tmed4,0.928903359
Tmed5,0.377833336
Tmed7,0.905039984
Tmed9,0.794896696
Tmem104,0.869216676
Tmem106a,1.191766662
Tmem106b,1.16253667
Tmem106c,1.353633327
Tmem109,0.770410021
Tmem120a,0.487303351
Tmem144,0.731266663
Tmem14c,0.380233329
Tmem165,0.21460332
Tmem173,0.748593334
Tmem175,1.449533357
Tmem176b,0.63208
Tmem179b,1.526800043
Tmem192,0.956456676
Tmem206,0.515403284
Tmem30a,0.788179983
Tmem43,1.130313335
Tmem55a,1.095303329
Tmem55b,1.687300011
Tmem63a,1.364766682
Tmem87a,0.536986696
Tmem9b,0.797470024
Tmpo,0.985289988
Tmsb4x,1.688066754
Tmx1,1.265033376
Tmx2,0.345633349
Tmx3,0.92082668
Tmx4,0.28972667
Tnf,0
Tnfaip2,2.163900037
Tnfaip8l2,0.630966664
Tnfrsf23,0.124813293
Tns1,0.755566425
Tollip,1.136136672
Tom1,1.166599998
Tomm40,0.89526667
Tomm70a,0
Top2a,0.733800018
Tor1aip1,0.998203321
Tor1aip2,0.766800025
Tor3a,0.887466683
Tpcn1,0.926059989
Tpcn2,1.10339998
Tpd52,0.686469994
Tpd52l2,0.702679974
Tpi1,0.956650019
Tpm3-rs7;Tpm3,0.823330004
Tpm4,0.783936655
Tpp1,1.617700034
Tpt1,0
Trafd1,1.179633319
Trem2,0.830090005
Trex1,1.232533332
Trim14,1.286000052
Trim21,0
Trim28,0.306993326
Trpv2,0.667596623
Tsen34,0
Tsg101,0.921969999
Tspan14,0
Tspan31,0.203920002
Ttc35,1.244533333
Ttk,0
Ttn,0.66244665
Ttyh2,0
Ttyh3,0.966636658
Tuba1a;Tuba3a,0
Tuba1b,1.144909969
Tuba4a,0
Tubb4b,1.119666663
Tubb5,1.144646629
Txn,0.764829985
Txndc12,1.046996679
Txndc5,1.120966695
Tyrobp,0.453900033
Uba1,1.045566651
Ubap2,0
Ubap2l,1.098693344
Ube2d3;Ube2d2,0
Ube2l3,0.874643353
Ube2n,1.19315
Ubl3,0.853566646
Ubl5;Gm2001,0.687396651
Ubtf,0.643553314
Ubxn4,0.402966664
Ufd1l,1.106456655
Ufm1,0
Uggt1,1.063690003
Ugt1a7c,1.226533289
Unc13d,0.240696645
Unc93b1,1.415389845
Upf1,0
Uqcrb,0.979806653
Uqcrc1,0.950629972
Uqcrc2,0.977403286
Uqcrfs1,0.628476651
Uqcrh,0.947746666
Usmg5,0.990696482
Usp12;Usp46,0
Uvrag,0.999040014
Vac14,0.223580008
Vamp3,1.39683332
Vamp4,0.686700025
Vamp7,1.155806693
Vamp8,1.275100025
Vapa,1.256099993
Vapb,1.203900002
Vasp,1.093353366
Vat1,1.142043321
Vcp,1.058926682
Vdac1,1.033909988
Vdac2,0.940573327
Vdac3,1.034493344
Vim,1.202916634
Vmp1,0
Vps11,0.947803323
Vps13c,0.980503349
Vps13d,0.349319991
Vps16,1.10249333
Vps18,0.881636677
Vps26a,0.744083352
Vps26b,0.515910057
Vps28,1.075383313
Vps29,0.686689995
Vps33a,1.085126661
Vps33b,0.914216651
Vps35,0.725419976
Vps37b,1.008313328
Vps37c,1.594266672
Vps39,0.96419666
Vps41,0.850653342
Vps45,0.817813318
Vps4a,0.828433325
Vps4b,1.180799983
Vta1,1.226133332
Vti1a,0.769353353
Vti1b,1.254433299
Vwa5a,1.035526643
Was,0.965866665
Wasf2,0.445846675
Wash1,1.097366685
Wbp11,0.764553325
Wdfy2,0.28285329
Wdfy4,0.56881005
Wdr1,1.025113353
Wdr41,0.315646668
Wdr45l,0.788243315
Wdr5,0.992320019
Wdr7,1.027129998
Wdr70,0
Wdr81,0.989020015
Wdr91,0.980916666
Wipf1,1.033723362
Wnk1,0.77474666
Wwp1,1.237806678
Wwp2,0.778466673
Yipf3,0
Ykt6,1.217599976
Ythdf3;Ythdf1,0.819630008
Ywhab,0.729676665
Ywhae,0.760550001
Ywhag,1.133873329
Ywhah,0.890200013
Ywhaq,0.485176721
Ywhaz,0.944389967
Zadh2,0.867503297
Zc3hav1,1.040353349
Zdhhc20,0.507026659
Zfand2a,1.23416332
Zfyve19,0
Zmiz1,0.306789986
Zmpste24,0.829870005
Znf703,0.689346594
Znrf1,1.845699437
Znrf2,0
Zyx,0
0,1.011713356
Q9DAM7,1.318516602
Q8K039;D3YWR8,0.856276609
Q9D735,0.51191
Q9D6W8,0.245316674
Q9D0B6;Q9D0B6-2,1.129846668
Q8CAQ8-3;Q3TZK4;E9PVS5,1.301459872
Q7M6Y3-5;Q7M6Y3-3;Q7M6Y3-2,1.392033322
Q3TYS2,1.011186664
P17047-3,0.525099999
Q5F285,0.540599993
Q9CRC6,0
J3QNB0;Q9CQE8,0.746600044
Q6PIU9,0
Q9ES97-3,0.651986631
Q8VE96;D6RHL1,0
Q8C708,1.260313244
Q8K1J5,0.593216646
P10404,0.311909993
Q8R239;Q8R239-3;Q8R239-2,0.153746716